"genesysId","collMissId","collNumb","collDate","collSrc","collSite","version"
"6861",,,"19850710","10","Plants growing in full sun, in damp silt along canal, S of Matera on SS 380 to Ginosa, Basilicata.","1"
"6905",,,"19870919","10","Bay, Norman's Bay, East Sussex County.","1"
"6906",,,"19870924","10","Coarse gravel (shingle) soil at south end of beach, Slapton Sands, Devon County.","1"
"6907",,,"19871008","10","Coarse gravel along base of sea wall above high tide in harbor, Dungraven, Waterford County.","1"
"6908",,,"19871009","10","Stone sea wall in harbor, Flexfort Ho, Cork County.","1"
"6909",,,"19871013","10","Coarse gravel on beach, Ballymacrinam Bay, Clare County.","1"
"6940",,,"19890809","10","Sandy soil, along both sides of road D32 along canal, La-Grau-d'Agde, Herault County.","1"
"6941",,,"19890819","10","Sandy soil, next to south beach, along fence, Les-Batns, Andernos, Gironde County.","1"
"6942",,,"19890821","10","Scattered in rocks above high tide S end of beach, 15km SE of Crozon, 3km S of Teigruc, Finistere County","1"
"6943",,,"19890828","10","In gravel on beach, Anse St. Martin, 1.5km E of St.-Germain, Manche County.","1"
"6944",,,"19890829","10","Clay soil with gravel, 4km W of Honfleur, Calvados County.","1"
"6945",,,"19890830","10","Silt soil, S of lighthouse, Le Hourdel, 6km W of St. Valery, Somme County.","1"
"6946",,,"19890905","10","In gravel on beach, .5km W of Saltbaek, Sjaelland Island.","1"
"6947",,,"19890814","10","In rocky cliffs above sand, Corniche Vendeenne, Vendee County.","1"
"6974",,,,"10",,"0"
"6975",,,,"10","Collected from Corfu, Greece.","1"
"6976",,,"1979----","10","Collected from a coastal cliff Mitlini, Greece.","1"
"6977",,,,"10",,"0"
"7044",,,"19920420","10","Silt, 170km W of Behila Damanhur.","1"
"7291",,,,"10","Marazion, Cornwall.","1"
"7292",,,,"10","Chioggia to Conche, west of road","1"
"19895",,,,"10","Zakinthos (Zante), Ionian Islands","1"
"19896",,,,"10","Patra, Peloponnese","1"
"22675",,,"19850709","10","Plants growing in full sun, in damp fine gravel, on road leading in to Hotel Bagamojo, 500m from sea, 4000m NE of Sibari, Calabria.","1"
"22676",,,"19850709","10","Plants growing in full sun, in dry coarse sand, near tower, 100km N of Torre Spulico, Calabria.","1"
"22677",,,"19850726","10","Plants growing in partial sun, in coarse dry gravel and cobbles, 4000m N of Bonifacio, Ajaccio, Corsica.","1"
"22728",,,"19870922","10","Silt and shale around moat of spring inlet, Lulworth Cove, Dorset County.","1"
"22729",,,"19870925","10","At base of cliffs, not on sandy beach, Gerrans Bay, Cornwall County.","1"
"22730",,,"19870928","10","Harbor, above high tide, around fishing boats, Porlock Bay, Somerset County.","1"
"22731",,,"19870929","10","Sand cliffs at end of beach, 3.5km N of Weston sand point, Avon County.","1"
"22732",,,"19871001","10","In cliffs at edge of beach, Dale, Dyfed County.","1"
"22733",,,"19871008","10","In cliffs on beach, Dunmore East, Waterford County.","1"
"22734",,,"19871009","10","In gravel on beach, Old Head, Cork County.","1"
"22735",,,"19871017","10","Coarse gravel, 1 km SE of Kilkeel, Down County.","1"
"22760",,,"19890825","10","In rocks around cove, Rocquaine Bay, Guernsey Island.","1"
"22783",,,,"10",,"0"
"22857",,,"19920515","10","Coarse sand, 120km E of Matruh.","1"
"23100",,,,"10","Sidhari, Kefalonia","1"
"23146",,"G062","199908--","10","Seashore in Nidri on Lefkas Island near Lefkada/Nikiana.","1"
"38769",,,"19850713","10","Plants growing in full sun, in very fine dry sand and rocks on beach, basic, next to old WW II bunker, Cappila Speranza, Sassari, Sardinia.","1"
"38770",,,"19850715","10","Plants growing on side of road and up hill in full sun, in fine dry gravel, 300m SW of Castelsardo, Sassari, Sardinia.","1"
"38771",,,"19850717","10","Plants growing in full sun, in dry, droughty clay and fine gravel, neutral, 6000m W of S. Nicolo d'Arcidano, Oristano, Sardinia.","1"
"38828",,,"19870919","10","Coarse gravel (shingle), harbor, Shoreham, West Sussex County.","1"
"38829",,,"19870922","10","Hengistbury Head, Dorset County.","1"
"38830",,,"19870923","10","In large cobbles in old quarry, high above sea level, Bill of Portland, Dorset County.","1"
"38831",,,"19870924","10","Silt soil, along path leading to sea above sheer cliffs, Dawlish, Devon County.","1"
"38832",,,"19870924","10","Coarse gravel, in rock at edge of beach, Wembury, Devon County.","1"
"38833",,,"19870925","10","In cobbles on cliffs at lookout, Lizzard Point, Cornwall County.","1"
"38834",,,"19871001","10","End of beach in cliffs, 2.5km  W of Castlemartin, Dyfed County.","1"
"38835",,,"19871006","10","Cobbles in large boulders along railroad track, Six Mile Point, Wicklow County.","1"
"38836",,,"19871024","10","In coarse gravel on beach, Thorpeness, Suffolk County.","1"
"38837",,,"19871028","10","Gravel and silt on cliffs and at base of cliffs, Margate, Kent County.","1"
"38866",,,"19890814","10","Sandy soil, above mud and reeds behind yards, at port, LaMarechale, Gironde County.","1"
"38867",,,"19890815","10","Sandy soil around oyster bed, in oyster shells, N of port, St. Trojan-Les Bains, Charente Maritime County.","1"
"38868",,,"19890817","10","Clay and silt soil, fodder beet field close, 4.5km S of le Port, Talmont-St-Hilaire, Vendee County.","1"
"38869",,,"19890817","10","Sandy, silt soil around oyster beds and along inside of stone sea wall, Port du Bonhomme, Ile-De-Noir-Moutier, La-Gueriniere, Vendee County.","1"
"38870",,,"19890819","10","Gravel soil, Etel Beach, 10km S  E of Lorient, Morbihan County.","1"
"38871",,,"19890824","10","Clay soil around tower, Les Nez Point, St. Clement's Bay, Jersey Island.","1"
"38872",,,"19890826","10","In rocks along road to abby, Le Mont-St-Michel, Manche County.","1"
"38873",,,"19890905","10","In rocks and gravel, Point, Sjaellands Odde, Gniben, Sajaelland Island.","1"
"38874",,,"19890906","10","In gravel, near lighthouse, Lus Hage Horne, Samso Island.","1"
"38903",,,"19770629","10","University farm, Thessaloniki","1"
"38904",,,"19780628","10","Near Thessaloniki","1"
"38905",,,"1972----","10","Weed in maize crop, Karatas, Adana, Turkey.","1"
"38906",,,,"10",,"0"
"38907",,,,"10","Chios (Khios Is.)","1"
"38998",,,"19920528","10","Silt, .50km NW of Noubaria Village 15.","1"
"38999",,,"19920625","10","Along canal, Alexandria Village 4 area.","1"
"39000",,,"19920628","10","Around greenhouses, 31km S of Port Said Ext. Agr. Project.","1"
"54594",,,"19850704","10","Plants growing in full sun, in coarse droughty sand and cobbles, by cliffs overlooking sea, 300m N of Capa Colonna, Calabria.","1"
"54595",,,"19850704","10","Plants growing in full sun, in coarse dry sand and cobbles, in and around 13th century castle, even in walls of castle, La Costella, Calabria.","1"
"54596",,,"19850716","10","Plants growing in full sun, in fine dry sand on beach, Calla di Sassari, Sassari, Sardinia.","1"
"54597",,,"19850718","10","Plants growing on experimental farm in full sun, in dry silt, 3000m E of Ussana, Cagliari, Sardinia.","1"
"54598",,,"19850719","10","Plants growing in full sun on southern slope, in coarse dry sand and cobbles in little cove up from sea, surrounded by cliffs on three sides, 200m S of Icnugu, Cagliari, Sardinia.","1"
"54650",,,"19870923","10","At base of castle on beach, 2 km E of West Bexington, Dorset County.","1"
"54651",,,"19870923","10","At mouth of river, Charmouth, Dorset County.","1"
"54652",,,"19871013","10","Coarse gravel on beach, Moneen, Clare County.","1"
"54653",,,"19871024","10","In coarse gravel, 1 km S of Southwold, Suffolk County.","1"
"54674",,,"19890820","10","Clay and sandy soil, Penhors Beach, 22km W of Quimper, Finistere County.","1"
"54675",,,"19890827","10","Silt soil, only in spot close to water, sandy beach and sand dunes, Coudeville Plage, 2km W of Coudeville, Manche County.","1"
"54676",,,"19890909","10","In gravel, Vesterhnaes, Lolland Island.","1"
"54677",,,"19890913","10","Clay and sand soil across road from beach, 1km N of Middelkerke Bad, West Flanders Province.","1"
"54696",,,,"10",,"0"
"54697",,,"1971----","10","Collection on fill behind sea wall, 11km N of Kings Lynn, England.","1"
"54698",,,"19780628","10","Near Thessaloniki","1"
"54767",,,"19920624","10","Silt, around greenhouses, 1.0km E of Dabah, 95km E of Matruh.","1"
"54768",,,"19920625","10","Along ditch bank, Alexandria Village 1 area.","1"
"54769",,,"19920627","10","Along ditch, 1km N of Kafr Ash Shaykh.","1"
"54770",,,"19920627","10","Along bank of ditches, 1km N of Bela El Owywa.","1"
"55027",,,,"10","Scarpeti","1"
"55028",,,,"10","Tor S. Lorenzo, Lazio","1"
"69823",,,,"10",,"0"
"70634",,,"19850704","10","Plants growing in full sun, in coarse dry sand and cobbles, by cliffs overlooking sea, 150m E of Capa Rizzuto, Calabria.","1"
"70635",,,"19850713","10","Plants growing in full sun, in fine dry gravel on cliff overlooking sea, 1000m S of Alghero, Sassari, Sardinia.","1"
"70636",,,"19850730","10","Plants growing in fields and near beach in full sun, in dry fine sand, coarse sand, and coarse gravel, 400m S of Porto Pollo, Ajaccio, Corsica.","1"
"70686",,,"19870921","10","Along top of stone sea wall, harbor, Prinsted, West Sussex County.","1"
"70687",,,"19870924","10","On side of cliff where rabbits had not grazed, Berry Head, Devon County.","1"
"70688",,,"19870925","10","Lower part of cliffs at end of beach, Seaton, Cornwall County.","1"
"70689",,,"19871001","10","On road, sandy soil, at edge of beach, 2km N of Dinas, Dyfed County.","1"
"70690",,,"19871028","10","Coarse gravel over sea wall on beach, Sheerness, Kent County.","1"
"70717",,,"19890812","10","Sandy soil, in vacant lot around harbor, Port deCassy, Cassy, Gironde County.","1"
"70718",,,"19890815","10","Clay soil with cobbles, around point in cliff, at base and on top, Point de Chassiron, St-Denis-d' Oleron, Charente Maritime County.","1"
"70719",,,"19890818","10","On top of rock cliffs, Sablons beach, Pornic at Ste-Mairie, Loire-Atlantique County.","1"
"70720",,,"19890827","10","In clay soil by old boat storage, .2km S of Regneville, Manche County.","1"
"70721",,,"19890909","10","Sandy soil, Klinteby Klint, Sjaelland Island.","1"
"70722",,,"19890919","10","In clay and sand at fence edge across road and by boulders, Oostende, West Flanders Province.","1"
"70746",,,"19710725","10","Mena farm, Lorca, Spain.","1"
"70747",,,,"10","Looe, England","1"
"70748",,,,"10","Trebeurden, N coast of Brittany","1"
"70749",,,"19780628","10","Near Thessaloniki","1"
"71083",,,,"10","Sesimbra, Sesimbramar block 2, Sesimbra","1"
"86655",,,,"10","Plants growing in full sun, in very fine dry sand, 150m S of Marina di Davoli, Calabria.","1"
"86656",,,"19850713","10","Plants growing in full sun, in fine dry sand, 200m S of Bosa Marina, Nuoro, Sardinia.","1"
"86657",,,"19850715","10","Plants growing on side of road in full sun, in dry clay, 6600m E of Bassinline, Sassari, Sardinia.","1"
"86658",,,"19850720","10","Plants growing in full sun, in dry coarse gravel and cobbles, 1500m SE of Calasetta, Cagliari, Sardinia.","1"
"86712",,,"19870922","10","Kimmeridge Bay, Dorset County.","1"
"86713",,,"19870926","10","On edge of beach and start of sand dunes, Harlyn Bay, Cornwall County.","1"
"86714",,,"19871008","10","On beach in sand, Woodstown Ho, Waterford County.","1"
"86740",,,"19890901","10","Silt soil, few scattered above high tide along dirt dike, in grass, La Madelande l'Authie, 6km E of Bereck, Pas-de-Calais County.","1"
"86764",,,,"10",,"0"
"86765",,,,"10",,"0"
"86766",,,"1979----","10","Collected from a coastal cliff, Mitilini, Greece.","1"
"86767",,,,"10","Limnos Island","1"
"86768",,,,"10","Rodes (Rodhos, Rhodes) Island","1"
"86769",,,,"10","Karditsa, Thessaly","1"
"86853",,,"19920629","10","Silt soil, small field, Fayyum Harfosh Farm.","1"
"87106",,,,"10","Pollensa, la Roca de Llenaire, Mallorca","1"
"87107",,,,"10","Kerhilio Beach","1"
"87108",,,,"10","Helgoland, southwest coast","1"
"102598",,,"19850702","10","Plants growing on south side of Sinni River on north side of hill in partial sun, in fine dry gravel, acidic, undisturbed, 1000m W of Saint Andrea, Basilicata.","1"
"102599",,,"19850715","10","Plants growing in direct sun, on a northern slope, in very coarse desert sand and cobbles, in rocky area above beach, 1000m W of Argentiera, Sassari, Sardinia.","1"
"102600",,,"19850717","10","Plants growing in full sun, in dry clay, neutral, 2000m W of S. Vero Mills, Oristano, Sardinia.","1"
"102601",,,"19850722","10","Plants growing along fence line in full sun, in dry silt, 2000m E of Villaputzu, Cagliari, Sardinia.","1"
"102602",,,"19850724","10","Plants growing on side of road in full sun, in fine dry gravel and cobbles, 1000m S of Matta'e Peru, Sassari, Sardinia.","1"
"102651",,,"19870918","10","Rye Harbour, East Sussex County.","1"
"102652",,,"19871001","10","In protected area at base of cliffs, 2km SE of Bosherston, Dyfed County.","1"
"102653",,,"19871009","10","Coarse gravel on beach, Admore, Waterford County.","1"
"102689",,,"19890814","10","Sandy soil, along boat dock, 3km N of Port de Goulee, Vaeyrac, Gironde County.","1"
"102690",,,"19890824","10","Rocky soil, Point Etaquerel, L'Etacq, Jersey Island.","1"
"102691",,,"19890828","10","In rocks and cobbles, Port De Dielette, 1 km N of Flamanville, Manche County.","1"
"102692",,,"19880810","10","In sand and rocks along beach, Kermagen, Pleabian, Cotes-Du-Nord County.","1"
"102693",,,"19840824","10","Along marsh coast, St. Colombier, Saint Armel, Morbihan County.","1"
"102716",,,,"10",,"0"
"102717",,,"1949----","10",,"1"
"102718",,,"19780628","10","Near Thessaloniki","1"
"102719",,,,"10",,"0"
"102723",,,,"10",,"0"
"102803",,,"19920626","10","Clay soil, along canal, Alexandria Village 7 area.","1"
"103081",,,,"10","Aveiro, saline, road to Gafhana Nazare","1"
"118544",,,"19850716","10","Plants growing in full sun, in coarse dry sand and fine gravel, 1500m SW of Santa Teresa, Sassari, Sardinia.","1"
"118545",,,"19850722","10","Plants growing in full sun, in fine dry gravel and cobbles, 7500m S of Serra Orrias, Nuoro, Sardinia.","1"
"118546",,,"19850728","10","Plants growing on side of hill above church on western slope in partial sun, in irrigated very fine sand and fine gravel, Patrimonia, Bastia, Corsica.","1"
"118620",,,"19870919","10","Bay, coarse gravel along fence by railroad tracks, Bulverhythe, East Sussex County.","1"
"118621",,,"19870921","10","Coarse gravel, beach, Church Norton, West Sussex County.","1"
"118622",,,"19871012","10","Uniform soil in and around base of pier, Fenit, Kerry County.","1"
"118623",,,"19871017","10","Coarse gravel on beach, Kilclief, Down County.","1"
"118624",,,"19871024","10","Coarse gravel over sea wall, 2km N of Cley-Next the Sea, Norfolk County.","1"
"118650",,,"19890814","10","Clay and sandy soil, above rocks, below path, N to LaGrande Cote, Royan, Charente Maritime County.","1"
"118651",,,"19890816","10","In gravel at base of sandstone cliff, 2km W of Point St. Clement, Esnandes, Charente Maritime County.","1"
"118652",,,"19890825","10","In rocks and sand, Cobo bay, Guernsey Island.","1"
"118653",,,"19890824","10","In rocks above high tide, N of beach, 4km N of Port Mer, Cancale, Ille-Et-Vilaine County.","1"
"118654",,,"19890829","10","In sand and gravel on W end of Omaha Beach, Calvados County.","1"
"118683",,,,"10","Wembury Bay","1"
"118684",,,,"10","Trikala, Thessaly","1"
"118685",,,,"10",,"0"
"119002",,,,"10","Ponta de Sagres, Vila do Bospo","1"
"134558",,,"19850706","10","Plants growing in full sun, in very fine dry sand, on beach between railroad and sea, Melito di Porto Salvo, Calabria.","1"
"134559",,,"19850716","10","Plants growing in full sun, in dry cobbles and rock by the sea, Isola Rossa, Sassari, Sardinia.","1"
"134560",,,"19850717","10","Plants growing in full sun along fence line of roadside, in dry clay, neutral, 4000m W of Tiria, Oristano, Sardinia.","1"
"134619",,,"19870919","10","Bay, Saltdean, East Sussex County.","1"
"134620",,,"19870921","10","Beach, West Town, Hampshire County.","1"
"134621",,,"19871014","10","Coarse gravel on beach, Barna, Galway County.","1"
"134622",,,"19871017","10","Coarse gravel on beach, Ardglass, Down County.","1"
"134623",,,"19871017","10","Coarse gravel on beach, Skerries, Dublin County.","1"
"134624",,,"19871020","10","Above high tide in rocks in harbor, Abbey, Lancashire County.","1"
"134653",,,"19890819","10","Rocky, clay and sandy soil above bare rock, Raquenez Beach, 10km SW of Pont-Aven, Finistere County.","1"
"134654",,,"19890826","10","Silt soil, many plants in sand under cyprus trees, at neck connecting isle to bay, Ile Besnard, Ille-Et-Vilaine County","1"
"134655",,,"19850818","10","In sand dunes, Kerdeniel, Portsall, Finistere County.","1"
"134676",,,"19780628","10","Near Thessaloniki","1"
"134677",,,"1979----","10","Collected in Greek Islands.","1"
"134992",,,,"10","Camara de Lobos to Funchal, 3 km","1"
"147324",,,"19850717","10","Plants growing on side of road in full sun 200m from beach, in dry coarse sand, 1000m W of Sa Marigosa, Oristano, Sardinia.","1"
"147325",,,"19850726","10","Plants growing in indirect sun, on a northern slope, in dry, coarse gravel and cobbles, 4000m N of Bonifacio, Ajaccio, Corsica.","1"
"150629",,,"19850702","10","Plants growing on north side of hill in partial sun, in fine droughty gravel, acidic, near Agi River by grape orchard, 2000m E of Recoleta, Basilicata.","1"
"150630",,,"19850703","10","Plants growing in full sun, in coarse dry sand, by sea but only on disturbed graded area, 1000m NW of Cariati Mari, Calabria.","1"
"150631",,,"19850706","10","Plants growing in full sun, in silt and fine dry gravel, on N side of Hwy 106, in Condofuri Marina, Calabria.","1"
"150632",,,"19850719","10","Plants growing in full sun on southern slope, in coarse dry sand and gravel above beach, 500m W of Geremeas, Cagliari, Sardinia.","1"
"150682",,,"19870921","10","Small population, beach, West Wittering, West Sussex.","1"
"150683",,,"19871017","10","Coarse gravel on beach, Minerstown, Down County.","1"
"150684",,,"19871028","10","Coarse gravel over sea wall on beach, Sea Salter, Kent County.","1"
"150716",,,"19890815","10","Sandy soil, vacant lot of Mr. Baracci, Leclerc Street, La-Cotiniere, Charente Maritime County.","1"
"150717",,,"19890822","10","Clay soil with cobbles, along N end of beach, Trevou-Treguignec, Trestel, Cotes Du Nord County.","1"
"150718",,,"19890827","10","Silt soil, only around road entrance and fence, Le-Gue-de-l'Epine, 4km S of Avranches, Manche County.","1"
"150752",,,,"10",,"0"
"150753",,,,"10","Collected at Torpoint, Tamar, England.","1"
"150838",,,"19920628","10","Around greenhouses, Port Said Ext. Farm area.","1"
"151089",,,,"10","Saille, saline, Kervalet to Pradel, west","1"
"160492",,,"1954----","10","Roadways and fence rows on outskirts of Milpitas.","1"
"160493",,,"1954----","10","Along Fallon Road, Hollister.","1"
"166459",,,"19850702","10","Plants growing on side of road in full sun, in coarse damp sand, acidic, 3000m N of Metaponto, Basilicata.","1"
"166460",,,"19850704","10","Plants growing in full sun, in irrigated silt, only on fence line next to cement culvert, by Highway 180, 2000m NW of Cropani Marina, Calabria.","1"
"166461",,,"19850709","10","Plants growing in full sun, in dry silt, on hillside, 1000m SE of Civita, Calabria.","1"
"166462",,,"19850710","10","Plants growing in full sun, in damp silt along canal and roadside, S of Matera on SS 380 to Ginosa, Basilicata.","1"
"166463",,,"19850715","10","Plant growing on side of road in partial sun, in very coarse dry sand and gravel, 200m SW of Torre Pelosa, Sassari, Sardinia.","1"
"166464",,,"19850719","10","Plants growing in full sun, in damp silt in botanical garden Cagliari, Cagliari, Sardinia.","1"
"166514",,,"19871026","10","Coarse sand on beach, Seawick, Essex County.","1"
"166515",,,"19871028","10","Gravel and silt soil over sea wall and in vacant lot, Reculver, Kent County.","1"
"166537",,,"19890816","10","Silt soil, 1km W where canal crosses D105, Marans, Charente Maritime County.","1"
"166538",,,"19890908","10","In gravel, South tip of Langeland, Downskline, Langeland Island.","1"
"166559",,,"197506--","10",,"1"
"166560",,,"19780628","10","Near Thessaloniki","1"
"166561",,,"1979----","10","Collected in Greek Islands.","1"
"166562",,,,"10","Kos Island","1"
"166644",,,"19920625","10","Along ditch by garbage dump, Alexandria Village 2 area.","1"
"166645",,,"19920625","10","Along canal, Alexandria Village 7.","1"
"166889",,,,"10","Oliveri","1"
"166890",,,,"10","Les Grande Roches, 5 km, Rd Etaules","1"
"166891",,,,"10","Pors-Meur Plouescat","1"
"182370",,,"19850718","10","Plants growing in full sun, in dry silt, 300m W of Moniastir Cagliari, Sardinia.","1"
"182371",,,"19850722","10","Plants growing in full sun near the beach and a garbage pile, in fine dry sand, 500m NE of S. Teodoro, Sassari, Sardinia.","1"
"182372",,,"19850730","10","Plants growing by bridge over river Taravo on side of road on southern slope in full sun, in very fine dry sand and coarse gravel, Ajaccio, Corsica.","1"
"182444",,,"19870918","10","Silt soil, in grass and vacant lot just over man-made sea wall, bay, Greatstone, Kent County.","1"
"182445",,,"19870923","10","Beach, Bubleigh Salterton, Devon County.","1"
"182446",,,"19871003","10","Coarse gravel on beach side of railroad tracks where overhead walk crosses highway, 1 km N of Dwygyfychi, Gwynedd County.","1"
"182447",,,"19871012","10","Coarse gravel, harbor, Ventry, Kerry County.","1"
"182448",,,"19871015","10","Coarse gravel on beach, Saleen Harbor, Mayo County.","1"
"182449",,,"19871017","10","Coarse gravel on beach, Blackrock, Louth County.","1"
"182450",,,"19871024","10","In coarse gravel, 1 km S of Kissingland, Suffolk County.","1"
"182476",,,"19890808","10","In grass, gravel, sandy soil, along road D570, .5km from Lec Bunas, Cumarque County.","1"
"182477",,,"19890815","10","Clay and sandy soil, around oyster beds, Prise de Treibois, near la Tremblade les Brandes, Charente Maritime County.","1"
"182478",,,"19890815","10","Clay and sandy soil around mussell beds between fort and canal. Brouage, 2km W of St. Agnant, Charente Maritime County.","1"
"182479",,,"19890817","10","Clay soil with cobbles along banks above rocks, 15km NW of beach, Piriac-st-Nazaire, Loire-Atlantique County.","1"
"182480",,,"19890827","10","Silt soil, S at bridge Genets, Manche County.","1"
"182481",,,"19890828","10","In gravel, .5km S of St. Vaast La-Hougue, Manche County.","1"
"182482",,,"19890829","10","Clay soil, along W side of Orne River, Pagasus Bridge, 1 km N of Caen, Calvados County.","1"
"182483",,,"19840824","10","In rocks E and W of Point of Penvins, Penvins, Morbihan County.","1"
"182498",,,"197107--","10","10km S of Pescara","1"
"182499",,,,"10","Area behind sea dike, Pett Level near Hastings, England.","1"
"182500",,,"1979----","10","Po Delta","1"
"182501",,,"1979----","10","Po Delta","1"
"182502",,,,"10",,"0"
"182582",,,"19920627","10","Around greenhouses, Dumyat, Kafer Saad.","1"
"182814",,,,"10",,"0"
"182815",,,,"10","Pointe de Penlan","1"
"182816",,,,"10","Grado","1"
"196514",,"BEVU-8-1","1998----","10","Alexander Creek","1"
"198337",,,"19870926","10","Cove, south-facing cliffs, Port William, Cornwall County.","1"
"198338",,,"19870928","10","Fine gravel soil on beach, Westward Ho, Devon County.","1"
"198339",,,"19871007","10","On beach in sand-gravel dunes, Kilmore Quay, Wexford County.","1"
"198368",,,"19890828","10","Sandy soil, Utah beach, Manche County.","1"
"198369",,,"19890901","10","Clay soil around oyster beads in sand, Ambleteuse, Pas-De-Calais County.","1"
"198459",,,"19920627","10","3km NW of Kafr Ash Shaykh.","1"
"198460",,,"19920701","10","Luxor El Awania Farm.","1"
"198723",,,,"10","Ronce-les Bains, Pnte aux Herbes, Beach","1"
"214300",,,"19850718","10","Plants growing on Carletti farm in full sun, in damp silt, 5000m S of Uta, Cagliari, Sardinia.","1"
"214301",,,"19850719","10","Plants growing on side of road in full sun, in fine dry gravel, 1500m E of Solanas, Cagliari, Sardinia.","1"
"214302",,,"19850730","10","Plants growing on side of road in full sun, in coarse dry gravel, Abbartello, Ajaccio, Corsica.","1"
"214360",,,"19870921","10","Coarse gravel, beach, Atherington, West Sussex County.","1"
"214361",,,"19871006","10","Coarse gravel on north side of bridge along harbor and up the coast, 0.5km NE of Wexford, Wexford County.","1"
"214362",,,"19871026","10","Stones and mud along sea wall of Harbor, West Mersea, Essex County.","1"
"214383",,,"19890809","10","Sandy soil, open field E of road toward beach,k .5km from sea. South East of Mobil refinery, Frontignan, Herault County.","1"
"214384",,,"19890816","10","Clay and cobble stone soil, in cracks of sea wall, grass, and sand behind sea wall, Point-Pas-du-Chaume, Ils-De-Re' Plane-des-Baleines near lighthouse, Charente Maritime County.","1"
"214385",,,"19890818","10","Clay soil E of hospital along river, by bridge, St-Brevin-Les-Pins Minden, Loire-Atlantique County.","1"
"214386",,,"19890827","10","In rocks on S of beach, Carolles Plage, 1.5km S of Jullouville, Manche County.","1"
"214387",,,"19890908","10","Clay soil, sand and weeds, Nordstrand, Langeland Island.","1"
"214388",,,"19880810","10","In sand and rocks near parking lot, Point de L-Arcouest, Paimpol, Cotes-Du-Nord County.","1"
"214409",,,,"10","Obtained from Izmir Gene Bank, Turkey.","1"
"214410",,,,"10",,"0"
"214411",,,,"10",,"0"
"214412",,,,"10",,"0"
"230185",,,"19850717","10","Plants growing in full and partial sun around buildings on experiment station, in damp clay, Oristano, Sardinia.","1"
"230240",,,"19870930","10","In cobbles among large rocks by Salthouse, 1.5km S of Port Eynon, Gower County.","1"
"230241",,,"19871007","10","Coarse sand, 0.5km W. of Newtown, Wexford County.","1"
"230242",,,"19871012","10","Harbor, coarse gravel soil, Dingle, Kerry County.","1"
"230273",,,"19890817","10","In clay soil, hanging over rock wall on beach, 2km N of Madeleine, Ile-De-Noir-Moutier, Vendee County.","1"
"230274",,,"19890830","10","In gravel on Criel Beach, 6km W of LeTreport, Seine-Maritime County.","1"
"230275",,,"19890906","10","In gravel, W of harbor, Reerso, Sjaelland Island.","1"
"230276",,,"19850818","10","In cliffs, 1 km N from Point St. Mathieu, Le Conquet, Finistere County.","1"
"230294",,,,"10",,"0"
"230295",,,,"10","Cornwall","1"
"230381",,,"19920626","10","Clay soil, large field, Alexandria Village 10 area.","1"
"230643",,,,"10","3 km east of Cala Bona, Majorca","1"
"230644",,,,"10","Cala d'es pujols, Formentera","1"
"246049",,,"19850713","10","Plants growing in full sun on northwest slope, in dry cobbles, Montresta, Nuoro, Sardinia.","1"
"246101",,,"19870918","10","Silt soil along sea wall just above mud, Pegwall bay, Kent County.","1"
"246102",,,"19870923","10","Coarse gravel (shingle), SE end of beach, Chesil, Dorset County.","1"
"246103",,,"19870925","10","Silt soil between grassy park and cliffs, Looe, Cornwall County.","1"
"246104",,,"19871013","10","Coarse gravel on beach, Carrigaholt, Clare County.","1"
"246125",,,"19890808","10","Silt soil along side of mud cliff, some at base of cliff on beach, road D37, Mas de Cabassale, Cumarque County.","1"
"246126",,,"19890813","10","Sandy soil, along boat docks, limestone from oyster beds, N of oyster port, Andernons Les-Bains, Gironde County.","1"
"246127",,,"19890813","10","Sandy soil, around old oyster harbor, N at LeFour, Les Jacquets, Gironde County.","1"
"246128",,,"19890827","10","Sandy soil in vacant lot above sea wall, Pirou-Plage, 3km S of Lessay, Manche County.","1"
"246129",,,"19840824","10","Along W coast in rocks by sand dunes, Kergnoix, St. Pierre Quiberon, Morbihan County.","1"
"246149",,,,"10","Collected at Mewstone-Wembury, England.","1"
"246150",,,,"10","Loire River Valley","1"
"246151",,,,"10","Rhodes","1"
"246152",,,,"10","Leros","1"
"246465",,,,"10","Trabia Beach.","1"
"246466",,,,"10","Benisa, 2 km south","1"
"261871",,,"19850705","10","Plants growing in full sun, in fine dry gravel, weedy area on E end of Temple Caulonia site, 20m E of Caulonia, Calabria.","1"
"261872",,,"19850729","10","Plants growing about 200m from beach in weedy area in full sun, in very coarse dry sand, in city limits, Calvi, Bastia, Corsica.","1"
"261934",,,"19870922","10","Coarse gravel (shingle) over natural sea wall, 1.5km SE of Keyhaven, Hampshire County.","1"
"261935",,,"19870922","10","Overcombe, Dorset County.","1"
"261936",,,"19870928","10","Sandy beach, Wide Mouth Bay, Cornwall County.","1"
"261937",,,"19871001","10","Cobbles, in boulders at base of cliffs at edge of beach, 1 km SE of St. Davids Head, Dyfed County.","1"
"261961",,,"19890818","10","In gravel and silt soil along bank above rocks, N side from Point-De St-Gildas, Loire-Atlantique County.","1"
"261962",,,"19890822","10","Soil with cobbles, E and W of harbor, Ile-De-Brehat, Cotes De Nord County.","1"
"261963",,,"19890823","10","Soil with cobbles, on S end of beach, Pleherel-Plage, Veiux-Bourg, Cotes Du Nor County.","1"
"261964",,,"19890824","10","Soil with cobbles, Bonne Nuit bay, Jersey Island.","1"
"261985",,,,"10","Collected at Kalunborg Fjord, Denmark.","1"
"262069",,,"19920629","10","Silt soil by bridge, Bani Suwaf El Azhary.","1"
"272451",,"No. 495","19540626","10","From Mazar-i-Sharif.","1"
"277959",,,"19870924","10","On beach in protected cove in shale cliffs, Bantham, Devon County.","1"
"277960",,,"19871026","10","Coarse gravel on beach, Bradwell, Essex County.","1"
"277988",,,"19890812","10","Clay soil in rocks, cobbles and sand around lake, Port d'Albrot near Vieux-Boucau, Landes County","1"
"277989",,,"19890814","10","Sandy soil, N of Port, Pauiliac, Gironde County.","1"
"277990",,,"19890814","10","In cobbles and rock sea wall, 5km E on beach, St-Vivien-de-Medoc, Gironde County.","1"
"277991",,,"19890815","10","Growing in rocks, cobbles along north-facing mouth of canal, 3km SE of port, Labree-Les Bains, Charente Maritime County.","1"
"277992",,,"19890816","10","Along topof rocks above oyster beds, 2km E of Ile-De-Re' la Fiotte, Charente Maritime County.","1"
"277993",,,"19890825","10","In cove above hight tide in rocks, Moulin Huet Bay, Guernsey Island.","1"
"278022",,,,"10",,"0"
"278023",,,,"10","Kalundborg Fjord","1"
"278024",,,"1979----","10",,"1"
"278025",,,,"10",,"0"
"278358",,,,"10","Fosso d'Arno, estuary/road S 224, Toscana","1"
"293788",,,"19850703","10","Plants growing in full sun, in fine dry sand on beach, 1000m N of Pumto Alice, Calabria.","1"
"293789",,,"19850718","10","Plants growing on experimental farm in full sun, in dry silt, 3000m E of Ussana, Cagliari, Sardinia.","1"
"293790",,,"19850720","10","Plants growing in full sun, in dry fine sand up from beach, 1000m N of Chia, Cagliari, Sardinia.","1"
"293791",,,"19850728","10","Plants growing on E side of road in full sun, in dry silt and coarse gravel, I'lle Rousse, Bastia, Corsica.","1"
"293848",,,"19871005","10","On beach in grass, but underlain with gravel, Cemlyn Bay, Anglesey County.","1"
"293849",,,"19871017","10","Coarse gravel on beach, Clogerhead, Louth County.","1"
"293871",,,"19890809","10","Sandy soil along road by beach,.5km from route D14, LePanant, Cumarque County.","1"
"293872",,,"19890826","10","Along rocks and gravel, 1 S of bridge, LaGouonnais, Ille-Et-Vilaine County.","1"
"293893",,,"19710725","10","San-Julian farm, Lorca","1"
"293894",,,,"10",,"0"
"293895",,,"1972----","10","Collected from Izmir Province, Turkey.","1"
"293896",,,"1979----","10","Coastal cliff, Mitilini","1"
"293897",,,,"10","Samos Island","1"
"294203",,,,"10","Secovce, Istria","1"
"294204",,,,"10","Lepe to Cartaya, 0.5 km behind bridge","1"
"294205",,,,"10","Manemeur, northwards, Peninsula Quiberon","1"
"306814",,,,"10","Astakos, Central Greece","1"
"309584",,,"19850710","10","Plants growing in full sun, in damp coarse sand, acidic, 3000m N of Metaponta, Basilicata.","1"
"309585",,,"19850726","10","Plants growing in field next to hotel, in full sun, in dry silt and coarse gravel, in disturbed graded area, Bonifacio, Ajaccio, Corsica.","1"
"309586",,,"19850727","10","Plants growing off beach next to garbage dump on northern slope in partial sun, in fine dry and damp sand, 2000m SE of Bosca, Ajaccio, Corsica.","1"
"309587",,,"19850727","10","Plants growing in partial sun, in coarse dry gravel, 200m E of la Camonica, Bastia, Corsica.","1"
"309636",,,"19871001","10","On beach at base of cliffs at edge of sand, Martins's Haven, Dyfed County.","1"
"309637",,,"19871005","10","Coarse gravel (shingle) on beach, Penmon, Anglesey County.","1"
"309638",,,"19871005","10","Cobbles in large boulders of ferry car park, Harbor, Holyhead, Anglesey County.","1"
"309639",,,"19871014","10","In cobbles on beach in boulders, Caher, Galaway County.","1"
"309640",,,"19871022","10","In cobbles between road and cliffs around castle, 0.5km E of Scarborough, North Yorkshire County.","1"
"309670",,,"19890815","10","Gravel soil on beach, in oyster shells, Point de L'Accenston, Bourcefrance-Le-Chapus, Charente Maritime County.","1"
"309671",,,"19890830","10","In gravel, vacant lot back of sea walls, in small scrappings from treatment plant, St. Marqueritte, 20km W of Dieppe, Seine-Maritime County.","1"
"309672",,,"19850818","10","Along border of the beach, Le Pouldu, Santec, Finistere County.","1"
"309700",,,"1979----","10",,"1"
"309701",,,,"10","Collected from Samos Island, Greece.","1"
"309782",,,"19920623","10","Coarse sand, around 5yr old greenhouses, 4.0km N of Matrah Al Metane.","1"
"310018",,,,"10",,"0"
"310019",,,,"10","6 km southwest of Skala","1"
"324520",,,,"10",,"0"
"325424",,,"19850705","10","Plants growing in full sun, in fine dry sand, weedy area above beach, 300m W of Marina di Badolato, Calabria.","1"
"325425",,,"19850715","10","Plants growing in full sun, on a southern slope 75m above sea, in dry cobbles and rocks, 700m SW of Tramanalia, Sassari, Sardinia.","1"
"325426",,,"19850715","10","Plants growing in full sun near beach, in coarse dry desert sand and fine gravel, 100m E of S. Gavino a Mare, Sassari, Sardinia.","1"
"325427",,,"19850718","10","Plants growing in full sun, in dry silt, very fine sand, and fine gravel, neutral, 1000m W of Saniuri, Cagliari, Sardinia.","1"
"325477",,,"19870929","10","Marshy beach above high tide, Severn Beach, Avon County.","1"
"325478",,,"19871003","10","Coarse gravel (shingle) on beach, Ormes Bay, Gwynedd County.","1"
"325479",,,"19871009","10","On sand-gravel beach, Youghal, Cork County.","1"
"325480",,,"19871015","10","Coarse gravel and cobbles in and around harbor, Rosses Point, Sligo County.","1"
"325481",,,"19871026","10","Fine gravel on beach, Shoebury Ness, Essex County.","1"
"325511",,,"19890809","10","Sandy soil, D168 N of harbor, Narbonne-Plage, Aude County.","1"
"325512",,,"19890817","10","Clay and sandy soil above cliff, beach, Brettgnolles-Sur-Mer, Vendee County.","1"
"325513",,,"19890821","10","Silt soil with cobbles, 1,5km N of Sibiril, Finistere County.","1"
"325514",,,"19890829","10","In gravel, S side anlong canal, 1 km E of Isigny, Calvados County.","1"
"325515",,,"19890901","10","In gravel, S side of L'AA River, Gravelines, Nord County.","1"
"325538",,,"19750725","10",,"1"
"325539",,,,"10",,"0"
"338025",,,"19850719","10","Plants growing in partial sun, in damp silt at botanical garden, Cagliari, Cagliari, Sardinia.","1"
"341309",,,"19850703","10","Plants growing in full sun, in fine dry sand on both sides of road a short distance from beach near new construction, 500m E of Fasana, Calabria.","1"
"341310",,,"19850716","10","Plants growing in full sun, in fine damp sand on beach near stagnant water, Calla di Sassari, Sassari, Sardinia.","1"
"341311",,,"19850727","10","Plants growing in vacant lot off road on southern slope in partial sun, in fine dry gravel, Aleria, Bastia, Corsica.","1"
"341312",,,"19850728","10","Plants growing in weedy area 5m from sea in full sun, in coarse dry sand, 400m N of St. Florett, Bastia, Corsica.","1"
"341374",,,"19870929","10","Fine gravel beach at high tide, quite marshy, Portishead, Avon County.","1"
"341375",,,"19871003","10","Coarse gravel (shingle), 1km SW of Port Dinorwie, Gwynedd County.","1"
"341376",,,"19871023","10","In sand dunes on beach, Skegness, Lincolnshire County.","1"
"341377",,,"19871026","10","Silt and gravel along boat dock, Burnham, Essex County.","1"
"341404",,,"19890816","10","Sandy soil, in vacant lot up from mussell beds, Les Boucholeurs, 2km S of Chatelaillon Plage, Charente Maritime County.","1"
"341405",,,"19890817","10","Silt, gravel soil, in rocks above high tide along estuary, E side of bridge, Les-Sableg-d'Olonne, Vendee County.","1"
"341406",,,"19890820","10","Clay soil with cobbles, N of lighthouse, 14km SW of Point-1'Abbe. Point de Penmarch, Finistere County.","1"
"341407",,,"19890822","10","In rocks, 1 km N of Plougasnou, Primel-Tregastel, Finistere County.","1"
"341408",,,"19890907","10","In gravel, Mole Strand, Fyn Island.","1"
"341409",,,"19890909","10","In cobbles, Knudshoved Odde, Sjaelland Island.","1"
"341424",,,"1979----","10","Collected in Greek Islands.","1"
"341425",,,,"10","Kos (Kos Island)","1"
"341426",,,,"10",,"0"
"341758",,,,"10","Santa Pola","1"
"354388",,,"19900902","10","Purchased at local market, Derbent, Derbent District, Daghestan ASSR.","1"
"357167",,,"19850713","10","Plants growing in full sun, in dry silt, in old Nuraghi ruins, (this is a tower put together without mortar), 2000m S of Toralba, Sassari, Sardinia.","1"
"357226",,,"19870924","10","Silt soil and cobbles on cliffs above sea, Roundhorn Head, Devon County.","1"
"357227",,,"19870930","10","Coarse gravel on beach just above tide, Swanbridge, South Glamorgon County.","1"
"357228",,,"19871005","10","Coarse gravel (shingle) above high tide around fishing boats in harbor, Beaumaris, Anglesey County.","1"
"357229",,,"19871024","10","In coarse gravel on beach, Dunwich, Suffolk County.","1"
"357230",,,"19871028","10","Coarse gravel on beach, Allhallows, Kent County.","1"
"357254",,,"19890812","10","Sandy soil, 1km from Mimizan Beach, up mouth of river, Landes County.","1"
"357255",,,"19890820","10","Clay soil along bank, some in water at high tide, Port Rhu River, Douarnenez, Finistere County.","1"
"357256",,,"19890823","10","Soil with cobbles, in cove around point from harbor, Port-De-Houet, 5km N of Val-Andre, Cotes-Du-Nord County.","1"
"357257",,,"19890827","10","Sandy soil, 1km E of Appromanches, La-Fontaine St. Come, Calvados County.","1"
"357258",,,"19890906","10","In gravel, near lighthouse, Vesbord, Samso Island.","1"
"357259",,,"19840824","10","At base of sand dunes, Point of Penlan, Billiers, Morbihan County.","1"
"357276",,,,"10",,"0"
"357277",,,,"10","Crozon, N coast of Brittany","1"
"372097",,,,"10",,"0"
"372878",,,"19850715","10","Plants growing on roadside in full sun, in very dry, very coarse sand and gravel, 200m W of Torre Pelosa, Sassari, Sardinia.","1"
"372879",,,"19850727","10","Plants growing at sea level on northern slope in partial sun sun, in damp granite rocks, 200m N of Porto Vecchio, Ajaccio, Corsica.","1"
"372880",,,"19850728","10","Plants growing in and near vineyard up river about 300m from sea, in partial sun, in irrigated very fine sand and fine sand, Grigione, Bastia, Corsica.","1"
"372943",,,"19870919","10","Bay, Bishopstone, East Sussex County.","1"
"372944",,,"19870926","10","Sandy soil where cliffs begin, 1 km N of Newquay, Cornwall County.","1"
"372945",,,"19870928","10","Fine gravel soil in undisturbed areas above high tide in harbor around fishing boats, Combe Martin Bay, Devon County.","1"
"372946",,,"19870928","10","Coarse gravel (shingle), E of beach, Blue Anchor Bay, Somerset County.","1"
"372947",,,"19871008","10","On sandy beach, Bunmahon, Waterford County.","1"
"372948",,,"19871026","10","In coarse gravel, harbor, mouth of river, 1 km SW of Flexstone, Suffolk County.","1"
"372973",,,"19890818","10","Sandy silt soil along top of rock sea wall, 3km S of Roussellonier beach, St-Brevin-Les-oins, Loire-Atlantique County.","1"
"372974",,,"19890824","10","Soil with cobbles, at two places, most at Beau Port and west end of St. Brelades Bay, Jersey Island.","1"
"372975",,,"19890826","10","Soil with cobbles, S of bridge, 15km W of Dol le-Port St. Jean, Ille-Et-Vilaine County.","1"
"372976",,,"19890907","10","In gravel, Fyns Hoved, Fyn Island.","1"
"373000",,,,"10",,"0"
"373001",,,,"10",,"0"
"373002",,,,"10","Wembury Shore","1"
"373003",,,,"10",,"0"
"373093",,,"19920624","10","Between greenhouses, 1.0km S of El Hamem El Omiad, 3km S of Hotel Adia.","1"
"388861",,,"19850708","10","Plants growing in full sun, in dry silt, 2000m W of Borgo Apollinara, Calabria.","1"
"388862",,,"19850729","10","Plants growing on beach in full sun, in coarse dry sand, Ajaccio, Ajaccio, Corsica.","1"
"388917",,,"19870918","10","Coarse gravel soil (shingle), Deal, Kent County.","1"
"388918",,,"19871009","10","In gravel on beach, Broadstrand Bay, Cork County.","1"
"388945",,,"19890810","10","Clay soil in garden, Andiran, Lot Et Garrone County.","1"
"388946",,,"19890809","10","Sandy soil on side of parking lot, .5km E from castle, N on road behind beach, DeMaguelone, Herault County.","1"
"388947",,,"19890811","10","In rocks, off road D79 at high tide, Lake d'Hossegor, Hossegor, Pyrennees Atlantiques County.","1"
"388948",,,"19890816","10","Silt soil, on side of river where D9 crosses, Charron, Charente Maritime County.","1"
"388949",,,"19890905","10","Sandy soil, lkm S of Sttubberup, Sjaelland Island.","1"
"388950",,,"19890908","10","In gravel, 1km W of Tranekar, Strandby, Langeland Island.","1"
"388961",,,,"10","Collected from Chois Island, Greece.","1"
"388962",,,"1979----","10","Collected from waste grounds in Chios, Greece.","1"
"388963",,,,"10",,"0"
"389040",,,"19920629","10","Silt soil, along canal bank, Fayyum Abo Khlaf Farm.","1"
"389276",,,,"10","Ireon, Samos","1"
"403958",,,,"10",,"0"
"403960",,,,"10",,"0"
"403992",,,,"10",,"0"
"404834",,,"19850704","10","Plants growing in full sun, in coarse droughty sand and cobbles, by cliffs overlooking sea, 300m N of Capa Colonna, Calabria.","1"
"404892",,,"19870919","10","Cliffs, silt and gravel, above harbor and homes, Hastings, East Sussex County.","1"
"404893",,,"19871001","10","In cliffs at edge of beach, 1 km W of Angle, Dyfed County.","1"
"404894",,,"19871008","10","In gravel on beach, Tramore, Waterford County.","1"
"404925",,,"19890905","10","Sandy soil, Point, Ordrup Noes, Sjaelland Island.","1"
"404926",,,"19890908","10","In cobbles, Harbor, Onsevig, Lolland Island.","1"
"404927",,,"19850818","10","Along beach of rocks and sand, Porsemeur, Plouescat, Finistere County.","1"
"404950",,,,"10",,"0"
"404951",,,"197107--","10","Guilianova","1"
"404952",,,"197107--","10","Guilianova","1"
"404954",,,"1977----","10","Near Thessaloniki","1"
"404955",,,,"10",,"0"
"420061",,,,"10",,"0"
"420870",,,"19850708","10","Plants growing in full sun, in dry silt, on side of road 5700m E of intersection in Mandria Luci, Calabria.","1"
"420919",,,"19870918","10","Shingle and on cliff side, 2km S of Dover, Kent County.","1"
"420920",,,"19870918","10","Coarse gravel (shingle), bay, Hythe, Kent County.","1"
"420921",,,"19870922","10","Along cliff walk, Durlston Head, Dorset County.","1"
"420922",,,"19871007","10","In sand dunes on beach, Duncannon, Wexford County.","1"
"420923",,,"19871009","10","Above high tide on stone sea wall in harbor, Inchydoney Isle, Cork County.","1"
"420962",,,"19890809","10","On both sides of road D627, gravel, N of Leucate by inlet bay, Aude County.","1"
"420963",,,"19890811","10","On N end of beach, sparsely scattered in limestone boulders, 2.5km N of St. Jean-De-Luz, Xibau Berria, Eromardie, Pyrennees Atlantiques County.","1"
"420964",,,"19890819","10","Acid soil with cobbles, scattered along rocky beach, Port Blanc, 10km SW of Yannes, Morbihan County.","1"
"420965",,,"19890823","10","Silt soil with cobbles, mostly on NE of bridge, 5km E of Matignon at Notre Dame du-Guildo, Cotes Du Nord County.","1"
"420966",,,"19890906","10","In gravel, Ves Ter L0kker, Samso Island.","1"
"420991",,,,"10",,"0"
"420992",,,,"10",,"0"
"420993",,,,"10",,"0"
"421090",,,"19920622","10","Silt, on ditch bank, 0.6km W of Noubaria Village 15.","1"
"421091",,,"19920701","10","Luxor El Odysat.","1"
"421309",,,,"10","Milazzo, close to station.","1"
"421310",,,,"10","Korinthos","1"
"421311",,,,"10","Vrontadhos, Chios","1"
"421312",,,,"10","Mitilini, S. Kidonio, Lesvos","1"
"421313",,,,"10","Cascais, Boca do Inferno, 2 km northwest Fr. Oeiras","1"
"433389",,,"19850716","10","Plants growing in full sun, in very coarse dry sand, 100m S of Plo di Vignola, Sassari, Sardinia.","1"
"433892",,,,"10","Zakinthos (Zante) Ionian Islands","1"
"436713",,,"19850702","10","Plants growing in full sun, in fine droughtly gravel, acidic, W side of Gannano Dam on side of road, 100m W of Gannano-Dam, Basilicata.","1"
"436714",,,"19850709","10","Plants growing in full sun, in very dry silt and fine gravel, vacant lot near new building site, Montalbano, Basilicata.","1"
"436715",,,"19850719","10","Plants growing in indirect sun on southern slope above beach in trees, in coarse dry sand, 500m SW of Cagliari, Torre Montorio, Sardinia.","1"
"436716",,,"19850728","10","Plants growing off road in weedy area where road crosses gorge, in partial sun, in dry silt and fine gravel, Erbalunga, Bastia, Corsica.","1"
"436760",,,"19870925","10","In sand on beach close to cliffs, Carlyn Bay, Cornwall County.","1"
"436761",,,"19870926","10","In cobbles at mouth of cove, 1 km W of Gunwalloe, Cornwall County.","1"
"436762",,,"19870926","10","Silt soil and cobbles on cliffs overlooking sea, where rabbits had not eaten, Lands End, Cornwall County.","1"
"436763",,,"19870926","10","North of estuary, 4km E of St. Ives, Cornwall County.","1"
"436764",,,"19871005","10","On beach, in mud and gravel just above high tide, Talacre, Clwyd County.","1"
"436765",,,"19871009","10","Stone sea wall on beach, Crosshaven, Cork County.","1"
"436791",,,"19890818","10","Clay soil along bank of canal at Port-du-Collet, 2km S of Bourgnuf-En-Retz, Loire-Atlantique County.","1"
"436792",,,"19890821","10","In rocks, 10-year-oil slick still evident on rocks, Point Minou, 5km SW of Brest, Finistere County.","1"
"436793",,,"19890821","10","In rocks at and above tide, Argenton, 16km NW of St. Renan, Finistere County.","1"
"436794",,,"19890901","10","Clay soil on sandy hill and all around homes, N of Wimereux, Pas-De-Calais County.","1"
"436795",,,"19890901","10","Sandy, silt soil along estuary S of tracks, Etaples, Pas-De-Calais County.","1"
"436822",,,,"10",,"0"
"436823",,,,"10","Kermangen, N coast of Brittany","1"
"436824",,,,"10","Leros (Leros Is.)","1"
"437181",,,,"10","Galaxidhion, Fokis","1"
"437182",,,,"10","Manacor, Porto Cristo, Mallorca","1"
"449851",,,,"10","Patra, Peloponnese","1"
"452573",,,"19850702","10","Plants growing on north side of hill in partial sun, in coarse dry sand, acidic, 3500m N of Metaponto, Basilicata.","1"
"452574",,,"19850716","10","Plants growing in partial and full sun on a southern slope by beach, in fine dry sand, 200m E of Porto Pozzo, Sassari, Sardinia.","1"
"452575",,,"19850720","10","Plants growing in full sun, in dry silt and coarse sand, off road by Mobil oil refinery, 5000m N of Sarrach, Cagliari, Sardinia.","1"
"452576",,,"19850730","10","Plants growing in two locations near Tour de la Parata. One near the sea and one up the hill about 20m, on southern slope in full sun, in coarse dry gravel and cobbles, 13000m W of Ajaccio, Ajaccio, Corsica.","1"
"452630",,,"19870918","10","Coarse gravel (shingle), 1.5km E of Camber, East Sussex County.","1"
"452631",,,"19870919","10","Coarse gravel (shingle), bay, Seven Sisters, East Sussex.","1"
"452632",,,"19870921","10","Coarse gravel (shingle) just above high tide at Bird Reserve, Hill Head, Hamphire County.","1"
"452633",,,"19870923","10","Silt soil, at edge of grass overlooking cliffs at mouth of river just across bridge, beach, Seaton, Devon County.","1"
"452634",,,"19871006","10","Along stone sea wall in harbor, Malahide, Dublin County.","1"
"452635",,,"19871013","10","Coarse gravel on beach, Ballyheige, Kerry County.","1"
"452636",,,"19871017","10","Coarse gravel in rocks at east end of beach, Annagasson, Louth County.","1"
"452637",,,"19871023","10","Coarse gravel (shingle) on beach, Shepherd's Port, Norfolk County","1"
"452638",,,"19871025","10","In coarse gravel, 2km SE of Hollesley, Suffolk County.","1"
"452668",,,"19890820","10","Scattered in rocks, 15km S of Fousenant, Quimper at Beg-Meil, Finistere County.","1"
"452669",,,"19890828","10","In gravel around boat harbor and oyster bed. 5km W of Portbail, Manche County.","1"
"452670",,,"19890829","10","Clay soil in edge of protected lot, beach, le Home-Varaville, 5km W of Cabourg, Calvados County.","1"
"452671",,,"19890830","10","In cobbles, only at upper end of harbor, Fecamp, Seine-Maritime County.","1"
"452672",,,"19890906","10","In gravel, in reserve, Besser Rev, Samso Island.","1"
"452696",,,,"10",,"0"
"452697",,,"19780628","10","Near Thessaloniki","1"
"452698",,,,"10",,"0"
"452772",,,"19920625","10","Along canal bank, Alexandria Village 3 area.","1"
"453018",,,,"10","Agrilos","1"
"453019",,,,"10","Petra Tou Romiou, Paphos","1"
"467629",,"No. 135","19510716","10","Five km from Alhama, near Murcia, Spain.","1"
"468300",,,"19850707","10","Plants growing in full sun, in very fine sand, on beach in marine type weeds, Vibo Marina, Calabria.","1"
"468301",,,"19850709","10","Plants growing in full sun, in dry silt and fine gravel, near road by beach, 2000m E of Scanzano, Basilicata.","1"
"468302",,,"19850718","10","Plants growing on experimental farm in full sun, in dry silt, 3000m NE of Ussana, Cagliari, Sardinia.","1"
"468303",,,"19850724","10","Plants growing in full sun, in coarse dry gravel and cobbles 100m E of C. Comino, Nuoro, Sardinia.","1"
"468304",,,"19850730","10","Plants growing on cliffs by sea on southern slope in full sun, in dry cobbles, Ajaccio, Ajaccio, Corsica.","1"
"468359",,,"19870923","10","Coarse gravel (shingle), beach, Sidmonth, Devon County.","1"
"468360",,,"19871013","10","On stone sea wall near power plant, 2km N of Tarbort, Kerry County.","1"
"468390",,,"19890808","10","Sandy soil, .2km N of Arwa-Maries, Cumarque County.","1"
"468391",,,"19890816","10","In limestone shingle on beach, 1km S of Point-Du-Grouin, Ile-De-Re' Loix-Bel-Air, Charente Maritime County.","1"
"468392",,,"19890821","10","Soil clay with cobbles, 1km N of Guisseny, Finistere County.","1"
"468393",,,"19890830","10","Sandy soil, Estuary of Durdent River, Veulettes, Seine-Maritime County","1"
"468394",,,"19850818","10","Estuary of L'Aberwrach near boat dock, Perros, Plougurneau, Finistere County.","1"
"468414",,,,"10",,"0"
"468415",,,,"10",,"0"
"468492",,,"19920701","10","Along Nile, Luxor El Gamal.","1"
"468764",,,,"10","Wissenkerke, Noord Beveland","1"
"468765",,,,"10","Torrimipetra to Focene, at airport, Lazio","1"
"468766",,,,"10",,"0"
"484325",,,"19850703","10","Plants growing on beach in full sun, in fine dry sand, close to drainage area close to sea, 1-2m N of highway 106, 200m N of C. Triento, Calabria.","1"
"484326",,,"19850705","10","Plants growing in full sun, in very fine dry sand, on beach, 2000m SW of Roccella Ionica, Calabria.","1"
"484327",,,"19850709","10","Plants growing in full sun, in dry silt and fine gravel, on roadside in canyon-like area, 3000m NE of Cassano, Calabria.","1"
"484328",,,"19850709","10","Plants growing in full sun, in dry silt, on roadside, 8000m W of Torro Cerchiara, Calabria.","1"
"484329",,,"19850710","10","Plants growing in full sun, in damp silt along canal, S of Matera on SS 380 to Ginosa, Basilicata.","1"
"484330",,,"19850713","10","Plants growing in full sun, in fine gravel on very dry mountain 340m straight up from the sea, 9900m NW of Boxa, Nuoro, Sardinia.","1"
"484331",,,"19850730","10","Plants growing on beach in indirect sun, in dry coarse sand and cobbles, Propriano, Ajaccio, Corsica.","1"
"484385",,,"19871006","10","Coarse gravel along mouth of river outlet to sea in harbor, Laytown, Meath County.","1"
"484386",,,"19871007","10","Coarse sand, 2km S of Duncormick, Wexford County.","1"
"484387",,,"19871007","10","In sand and gravel, 0.5km W of Bagmbum Head, Wexford County.","1"
"484420",,,"19890817","10","Clay and silt soil behind homes near marsh of esturary, beach at inlet, L'Aiguillon-Sur-Mer, Vendee County.","1"
"484421",,,"19890821","10","North river bank, in gravel, covered by previous night's high tide, Lefaou, Finistere County.","1"
"484422",,,"19890822","10","Clay soil in cobbles, de Goaz Trez Beach, Trebeurden, Cotes Du Nord County.","1"
"484423",,,"19890906","10","In gravel, S side of Rodnaes, Sjaelland Island.","1"
"484424",,,"19890919","10","Sandy soil and rock wall around harbor and estuary, Nieuwport, Flanders Province.","1"
"484453",,,"19730508","10",,"1"
"484806",,,,"10","Fos do Arelho, building north side bay, Obidos","1"
"500324",,,"19850715","10","Plants growing on side of mountain overlooking Castel Doria Lake, in full sun, in dry cobbles, 200m S of Castel Doria, Sassari, Sardinia.","1"
"500325",,,"19850724","10","Plants growing in partial and full sun, in fine dry gravel, 200m W of Libo del Sole, Sassari, Sardinia.","1"
"500326",,,"19850728","10","Plants growing at mouth of river at the sea in full sun, in coarse dry gravel, Grigione, Bastia, Corsica.","1"
"500392",,,"19870926","10","In cobbles around parking area, 1 km W of Porthtowan, Cornwall County.","1"
"500393",,,"19870930","10","End of Beach, where cliffs start in boulders, Penally, Dyfed County.","1"
"500394",,,"19871012","10","Coarse gravel, in shingle at north end of beach, Fahomore, Kerry County.","1"
"500430",,,"19890824","10","Clay soil with cobbles, only on man-made stone wall, S of St. Catherine's Bay, Jersey Island.","1"
"500431",,,"19890814","10","At high tide, Croix de Vie, Croix De Vie, Vendee County.","1"
"500449",,,,"10",,"0"
"500450",,,,"10",,"0"
"500763",,,,"10","Vonitsa Beach, Aetoloakarn","1"
"3178563",,,,"99","Villa St. Maria bis Pietra Ferrazana","2"
"3178581",,,,"99","Jos, Kykladen ?","1"
"3178588",,,,"99",,"1"
"3178608",,,,"99","Tercan to Askale, 5.5 km N Ciftlik to Ask.; Alt: 1840","1"
"3178621","TUN-93","252","1993----","99","Jemna, ca. 15 km nrdlich vonDouz, Nefzaoua, Sdtunesien","14"
"3178622","TUN-93","193","19930521","99","Mansoura, ca. 4 km nordwestlich von Kebili, Nefzaoua, Sdtunesien","16"
"3178623","TUN-93","44","19930513","99","Bir Lahmar, ca. 20 km sdlichvon Medenine, Dahar-Bergland, Sdtunesien","16"
"3178624","TUN-93","50","19930513","99","El Ferch, ca. 45 km sdwestlich von Medenine, Dahar-Bergland, Sdtunesien","14"
"3178627","ITA-2000","13450","2000----","99","Insel Tremiti, S. Domino, in der Nhe des Hafens","15"
"3178628","ITA-2000","13427","2000----","20","Insel Marettimo, Marettimo Stadt","14"
"3178631","ITA-99","13241","1999----","99","Ponza (LT), aufgegebener Garten, in der Nhe vom Hotel \"Cernia\"","17"
"3178640","ITA-95","12749","19951122","99","Ovodda","16"
"3178643",,,,"99","Riva Trigoso (GE)","1"
"3178665",,,,"99","Calambrone Pisa","1"
"3178666",,,,"99","Sintra (Paria das Macas)","1"
"3178667",,,,"99","Etaples, Pas-de-Calais, France","1"
"3178668",,,,"99","Villedubert, Aude","1"
"3178712",,,,"99","Vases, sales, Ambleteuse","1"
"3178713",,,,"99","Casa Rossa (Grosseto)","1"
"3178714",,,,"99","England; Cornwall, Portwrinkle","1"
"3178715",,,,"99","Le Conquet (Finistere), maritime cliffs","1"
"3178717",,,,"99","England: Cornwall, Portwrinkle","1"
"3178718",,,,"99","Sterea Ellas","1"
"3178719",,,,"99","Estaples (Pas-De-Calais)","1"
"3178720",,,,"99","Le Mont-St-Michel (Manche)","1"
"3178721",,,,"99","Quimper (Finstere)","1"
"3178722",,,,"99","Fort-du-Collet (Loire-Atlanti)","1"
"3178727",,,,"99","Bunmahon (Waterford)","1"
"3178728",,,,"99","Kilmore Quay (Wexford)","1"
"3178729",,,,"99","Dwygyfychi (Gwynedd), Wales","1"
"3178730",,,,"99","Combe Martin Bay (Devon)","1"
"3178731",,,,"99","Newquay (Cornwall)","1"
"3178732",,,,"99","Hengistbury Head (Dorset)","1"
"3178733",,,,"99","Camber (East Sussex)","1"
"3178734",,,,"99","Hythe Bay (Kent)","1"
"3178735",,,,"99","Palmi (Calabria)","1"
"3178736",,,,"99","Melito di Porto Salva (Calabria)","1"
"3178739",,,,"99","Caulonia (Calabria), Templesite","1"
"3178740",,,,"99","Marina di Davoli (Calabria)","1"
"3178741",,,,"99","Basilicata (near Gannano Dam)","1"
"3178742",,,,"99","Thessaloniki","1"
"3178750",,,,"99","Vallone Mandarini-Madonie (Palermo)","1"
"3178751",,,,"99","Peyriac-de-Mer, Aude","1"
"3178752",,,,"99","Lapalme, Aude","1"
"3178758",,,,"99","Contrada Tre Fontane - Campobello di Mazara (Trapani)","1"
"3178759",,,,"99","Region Emilia-Romagna, Prov. Modena, Mirandola, kalkhaltiger Schlickboden","1"
"3178784",,,,"99","Golf von Tunis, Cedria Plage","1"
"3178788",,,,"99","Guian Mestras","1"
"3178789",,,,"99","Sterea Ellas","1"
"3178790",,,,"99","Litorale Alcamo Marina (Trapani)","1"
"3178802",,,,"99","SE Guritania, Karpenision","1"
"3178814",,,,"99","Civitella Marittima (Grosseto)","1"
"3178824",,,,"99","Calvi Corse","1"
"3178834",,,,"99","Istrien, Secovlje","1"
"3178836",,,,"99","Protaras, 1 km S of Fig Tree Bay","2"
"3178867",,,,"99","Adana","2"
"3178872",,,,"99","Inchydoney Island, along Street","2"
"3178883",,,,"99","Booley Bay","2"
"3178889",,,,"99","Merikia Bay, Outskirts","2"
"3178897",,,,"99","Kiti Beach","2"
"3178901",,,,"99",,"1"
"3178902",,,,"99","Ziyyi","2"
"3178903",,,,"99","Xylophagou to Parakimni, halfway","2"
"3178904",,,,"99","Torekov","1"
"3178908",,,,"99","Xerocampos Bay, Outskirts","2"
"3178917",,,,"99","Kilmore Quay","2"
"3178925",,,,"99","Marseille","1"
"3178926",,,,"99","Malpasso Sw of Palermo","2"
"3178933",,,,"99","Merikia","2"
"3178935",,,,"99","Palagonia, 5 km before Junct.Catan.-Gela","2"
"3178936",,,,"99","Pellestrina","2"
"3178945",,,,"99","Chioggia, Marino Sportivo","2"
"3178947",,,,"99","Bell Harbour, 3 km N of, Nw inthe Burren","1"
"3178948",,,,"99","Oasi WWF Naturschutzgebiet","2"
"3178959",,,,"99","Motta Station, 1 km from, to Enna","2"
"3178965",,,,"99","Elea","2"
"3178967",,,,"99","Neuf d'Allauch, Bouches-du Rhone","1"
"3178971",,,,"99","Kalavarda","2"
"3178983",,,,"99","Malahide, Harbour","2"
"3178986",,,,"99","Marina di Grossetto bis Grosseto, Bar Poggiale","2"
"3178987",,,,"99","Formia bis Cassino","2"
"3178996",,,,"99","Tarsus, Alifaki Village","2"
"3178997",,,,"99","Karatas, Yemisli Village","2"
"3178999",,,,"99","Kursunlu, 1 km W of","2"
"3179000",,,,"99","Dazendorf-Strand (Heiligenhafen)","1"
"3179001",,,,"99","Fehmarnsundbrcke (Inselseite)","1"
"3179003",,,,"99","Luz to Lagos, at House O Ashram","2"
"3179006",,,,"99","Aliaga","1"
"3179009",,,,"99","Kazanli, W Exit","2"
"3179010",,,,"99","Steinwarder Ufer (Heiligenhafen)","2"
"3179015",,,,"99","Mudanya, 3 km W of","2"
"3179018",,,,"99","Mitilini, A. Georgios","2"
"3179021",,,,"99","Ziyyi","2"
"3179037",,,,"99","Clogherhead","2"
"3179038",,,,"99","Annagassan","2"
"3179043",,,,"99","Puerto Real to S. Fernando onE25, Saline","2"
"3179065",,,,"99","Bunmahon","2"
"3179066",,,,"99","Ireon","2"
"3179067",,,,"99","Karavostasi","2"
"3179080",,,,"99","Wexford to Castlebridge, behind Bridge","2"
"3179086",,,,"99","Lindo, Iraklion","2"
"3179109",,,,"99","Saint Colombier","1"
"3179117",,,,"99","Gouves","2"
"3179118",,,,"99","Paralia Saranti","2"
"3179125",,,,"99","Foca, 1 km Nw of along Coast","2"
"3179139",,,,"99","Les Grande Roches, 5 km, Rd Etaules","2"
"3179141",,,,"99","Ronce-les Bains, Pnte Aux Herbes, Beach","2"
"3179143",,,,"99","Pointe St. Matieu, 1 km of","2"
"3179148",,,,"99",,"1"
"3179153",,,,"99","Kefar Yona","2"
"3179158",,,,"99","Monastiraki Beach","2"
"3179159",,,,"99","Kalathas","2"
"3179168",,,,"99","Tsoutsouros","2"
"3179169",,,,"99","Praia da Rocha","2"
"3179170",,,,"99","Ramsgate","2"
"3179211",,,,"99","Cat to Karliova","1"
"3179632",,,,"99","Ballinspittle to Old Head, Half Way","2"
"3179653",,,,"99","Kazanli; Alt: 20","1"
"3179667",,,,"99","Iraon Village, 2 km E of; Alt:1","1"
"3179678",,,,"99","Tralee, Ballyheigue","2"
"3179718",,,,"99","Possidonlon Village, Outskirts","2"
"3179725",,,,"99","Platanes","2"
"3179730",,,,"99","Ciplak Koyu near Truva; Alt: 20","1"
"3179737",,,,"99","Agia Galini","2"
"3179854",,,,"99","Silifka, Altinkum","2"
"3179882",,,,"99","Rossglass","2"
"3179890",,,,"99","Tarbert","2"
"3179898",,,,"99","Plajevleri near Aliaga","2"
"3179899",,,,"99","Porto Levante, Strada Per Albarellla","2"
"3179920",,,,"99","Dinard","1"
"3179934",,,,"99","Armacao de Pera","2"
"3179967",,,,"99","Iskenderum Sw, 1.3 km W Sarkkonak Koyu","2"
"3180007",,,,"99","Kazanli; Alt: 20","1"
"3180016",,,,"99","Ay. Theodoros","2"
"3180023",,,,"99","Ayios Yeouryios, 4 km South of","2"
"3180053",,,,"99","Karatas","2"
"3180061",,,,"99","Karatas, Gulkaya Village","2"
"3180158",,,,"99","Ireon","2"
"3180200",,,,"99","Vocaria","2"
"3180201",,,,"99","Kalavarda","2"
"3180202",,,,"99","Santanyi, Cala Figuera","2"
"3180211",,,,"99","Potokaki","2"
"3180215",,,,"99","Kritinia","2"
"3180253",,,,"99",,"1"
"3180265",,,,"99","Chioggia bis Conche, Westlichder Strasse","2"
"3180274",,,,"99","Stavros","2"
"3180276",,,,"99","Bet Dagan","2"
"3180288",,,,"99","Daylam near Dezful","1"
"3180297",,,,"99","Sorkhan near Dezful","1"
"3180302",,,,"99","Safi Abad near Dezful","1"
"3180304",,,,"99","Sikia","2"
"3180329",,,,"99","Tarquinia bis Civitavechia, Flua Mignone","2"
"3180345",,,,"99","Vittoria, Strada Buffa, Casa Mazza","2"
"3180350",,,,"99","Pollensa, Punta Barcares","2"
"3180352",,,,"99","Malahide, Harbour","2"
"3180360",,,,"99","Fanes, Delphini Restaurant","2"
"3180361",,,,"99","Kiparisia","2"
"3180407",,,,"99","Agios Vasilios","2"
"3180408",,,,"99","Kardamena","2"
"3180417",,,,"99","Posidonio","2"
"3180421",,,,"99","Patra","2"
"3180424",,,,"99","Fanes","2"
"3180427",,,,"99","Agios Ioannis","2"
"3180430",,,,"99","Milazzo, Close to Station","2"
"3180432",,,,"99","Trabia Beach","2"
"3180433",,,,"99","Karfas, 1 km before","2"
"3180437",,,,"99","Boccasette","2"
"3180438",,,,"99","Nehariyya","2"
"3180441",,,,"99","Galaxidi","2"
"3180442",,,,"99","Isola Albarella und Porto Lorento","2"
"3180444",,,,"99","Korinthos","2"
"3180446",,,,"99","Dilesi","2"
"3180447",,,,"99","Rochelle, Port, near Tour S. Nicolas","2"
"3180453",,,,"99","Paralia Arkitsa","2"
"3180456",,,,"99","Sta Severa, Strand","2"
"3180457",,,,"99","Laytown, Harbour","2"
"3180461",,,,"99",,"1"
"3180464",,,,"99","Colmata Fiorentina, Rinsacca No 11/a","2"
"3180467",,,,"99","Kokkinos Pyrgos","2"
"3180487",,,,"99","Korbous","2"
"3180492",,,,"99","Wulfener Hals, Burger-Binnenseeseite","1"
"3180497",,,,"99","Burgtiefe","1"
"3180498",,,,"99","Tuzlaciflici Nearby, 2 km Inland","2"
"3180506",,,,"99","Zaghonan-Bou Ficha","2"
"3180508",,,,"99","Ponta de Sagres","2"
"3180510",,,,"99","El Fahs, Bir Halima","2"
"3180511",,,,"99","Burghsluis, Haven","2"
"3180512",,,,"99","10 km Sw of Kelibia","2"
"3180513",,,,"99","Nazare, Harbour Area","2"
"3180514",,,,"99","Fesmealti","2"
"3180516",,,,"99","Silifka, ?; Alt: 20","1"
"3180522",,,,"99","Boca do Inferno","2"
"3180528",,,,"99","Mitilini","2"
"3180536",,,,"99","Kirikhan Topbogazi Village","2"
"3180543",,,,"99","Mitilini, S. Kidonio","2"
"3180546",,,,"99","Sidari","1"
"3180552",,,,"99","Santa Pola, 5 km from Alhama near Murcia","1"
"3180554",,,,"99","Tomer, 15 km N Jericho","2"
"3180555",,,,"99","Kouklia, 4 km Se of","2"
"3180559",,,,"99","Ramla","2"
"3180561",,,,"99","Beachley near Chepstow","2"
"3180576",,,,"99","Goedereede Havenhoofd","2"
"3180585",,,,"99","Rough Point","2"
"3180587",,,,"99","Motto","2"
"3180598",,,,"99","Vrontadhos","2"
"3180607",,,,"99","Manacor, Calas de Mallorca","2"
"3180618",,,,"99","Urla Iskelesi","2"
"3180621",,,,"99","Qiryat Mal'akhi","2"
"3180624",,,,"99","Kerhilio Beach","2"
"3180628",,,,"99","Arta, Cala Canyamel","2"
"3180632",,,,"99","Eratini Beach","2"
"3180634",,,,"99","Lepouldu-Santec","1"
"3180635",,,,"99","Yenifoca Beach","2"
"3180647",,,,"99","Aludia, Lago de la Esperanza","2"
"3180649",,,,"99","Soller, Puerto de Soller","2"
"3180651",,,,"99","Itea","2"
"3180654",,,,"99","Dalaman","2"
"3180655",,,,"99","Minab, Research Station","1"
"3180656",,,,"99","Fethiye, Gunlukbazi","2"
"3180657",,,,"99","Kazanli, W Exit","2"
"3180658",,,,"99","Kasserine Sbeitla","2"
"3180661",,,,"99","Valldemossa, Puerto de Valldemossa","2"
"3180668",,,,"99","San Servera, Playa des Ribell","2"
"3180669",,,,"99","Milas, Gulluk","2"
"3180671",,,,"99","Pors-Meur Plouescat","2"
"3180673",,,,"99","Kumkale Village","2"
"3180674",,,,"99","Pointe de Penlan","2"
"3180678",,,,"99","Milas, Gulluk","2"
"3180681",,,,"99","Kalavarda","2"
"3180685",,,,"99","Methoni","2"
"3180690",,,,"99","Andraitx, Cala Es Canys","2"
"3180693",,,,"99","Monemvasia","2"
"3180698",,,,"99","Aludia, Porto Centrel Termca","2"
"3180700",,,,"99","Kerdeniel Portsall","2"
"3180706",,,,"99","San Servera, Na Llambias","2"
"3180707",,,,"99","Grado","2"
"3180711",,,,"99","Estellenchs, Cala Estellenchs","2"
"3230257",,"GR013/79","19790600","20","RODOS ISL.-KRITINIA","1"
"3230258",,"GR011/79","19790600","20","RODOS ISL.-MANDRIKON","1"
"3230259",,"GR048/79","19790700","10","IKARIA-KSILOSIRTIS","1"
"3230282",,"GR064/80","19800700","10","AHAIA-KAMINIA","1"
"3230297",,"B1100","19810000","10","PBI-","2"
"3230298",,"B1102","19810000","10","PBI-","2"
"3230299",,"B1112","19810000","10","PBI-","2"
"3230300",,"B1055","19810000","30","PBI-","2"
"3230336",,"B1094","19810000","40","PBI-","2"
"3230337",,"B1095","19810000","40","PBI-","2"
"3230338",,"B1117","19810000","40","PBI-","2"
"3230339",,"B1118","19810000","40","PBI-","2"
"3230344",,"SI027/81","19810600","10","SICILY-MAR.D.RAGUSA","1"
"3230345",,"SI037/81","19810600","10","SICILY-GIARRATANA","1"
"3230346",,"SI025/81","19810600","10","SICILY-POZZALO","1"
"3230347",,"SI026/81","19810600","10","SICILY-SAMPIERI","1"
"3230348",,"SI024/81","19810600","10","SICILY-AVOLA","1"
"3230349",,"SI028/81","19810600","10","SICILY-RIVER IRMINI","1"
"3230350",,"SI031/81","19810600","10","SICILY-SCICLI","1"
"3230351",,"SI032/81","19810600","10","SICILY-SCICILI","1"
"3230352",,"SI033/81","19810600","10","SICILY-CARADIPSICA","1"
"3230353",,"SI029/81","19810600","10","SICILY-CAMARINA","1"
"3230354",,"SI034/81","19810600","10","SICILY-MODICA","1"
"3230355",,"SI035/81","19810600","10","SICILY-FRIGINTINI","1"
"3230356",,"SI017/81","19810600","10","SICILY-NOTTO","1"
"3230357",,"SI036/81","19810600","10","SICILY-FRIGINTINI","1"
"3230358",,"SI016/81","19810600","10","SICILY-CALABERNADO","1"
"3230359",,"SI022/81","19810600","10","SICILY-SYRACUSE","1"
"3230360",,"SI040/81","19810600","10","SICILY-LARGO BIVIER","1"
"3230361",,"SI021/81","19810600","10","SICILY-MADDALENA","1"
"3230362",,"SI039/81","19810600","10","SICILY-CHIARAMONTE","1"
"3230363",,"SI047/81","19810600","10","SICILY-SERRADIFALCO","1"
"3230364",,"GR022/81","19810600","10","MESSINIA-KALAMATA","1"
"3230365",,"SI020/81","19810600","10","SICILY-SYRACUSE","1"
"3230366",,"SI041/81","19810600","10","SICILY-GELA","1"
"3230367",,"SI042/81","19810600","10","SICILY-MARI.D.PALMA","1"
"3230368",,"SI018/81","19810600","10","SICILY-AUGUSTA","1"
"3230369",,"SI019/81","19810600","10","SICILY-AUGUSTA","1"
"3230370",,"SI044/81","19810600","10","SICILY-LIDO ROSELLO","1"
"3230371",,"SI007/81","19810600","10","SICILY-PALAGONIA","1"
"3230372",,"SI008/81","19810600","10","SICILY-CATANIA","1"
"3230373",,"SI009/81","19810600","10","SICILY-SIMETO RIVER","1"
"3230374",,"SI045/81","19810600","10","SICILY-AGRIGENTO","1"
"3230375",,"SI006/81","19810600","10","SICILY-PALAGONIA","1"
"3230376",,"SI005/81","19810600","10","SICILY-MOTTA","1"
"3230377",,"SI051/81","19810600","10","SICILY-CAP S.MARCO","1"
"3230378",,"SI048/81","19810600","10","SICILY-S.CALALDO","1"
"3230379",,"SI050/81","19810600","10","SICILY-MIRIANOPOLI","1"
"3230380",,"SI012/81","19810600","10","SICILY-RIPOSTO","1"
"3230381",,"SI011/81","19810600","10","SICILY-FINMEFREDDO","1"
"3230383",,"SI030/81","19810600","20","SICILY-VITTORIA","1"
"3230384",,"SI013/81","19810600","20","SICILY-SYRACUSE","1"
"3230385",,"SI023/81","19810600","20","SICILY-FONTANE BIAN","1"
"3230386",,"GR027/81","19810600","20","MESSINIA-FILIATRA","1"
"3230387",,"SI046/81","19810600","20","SICILY-SERRADIFALCO","1"
"3230388",,"SI001/81","19810600","20","SICILY-BELPASSO","1"
"3230389",,"SI002/81","19810600","20","SICILY-BELPASSO","1"
"3230390",,"SI004/81","19810600","20","SICILY-MOTTA","1"
"3230391",,"SI003/81","19810600","20","SICILY-MOTTA","1"
"3230430",,"SI059/81","19810700","10","SICILY-PIZZOLUNGO","1"
"3230431",,"SI114/81","19810700","10","SICILY-GERACELLO","1"
"3230432",,"SI115/81","19810700","10","SICILY-GERACELLO","1"
"3230433",,"SI053/81","19810700","10","SICILY-MARINELLO","1"
"3230434",,"SI054/81","19810700","10","SICILY-GRANITOLA","1"
"3230435",,"SI122/81","19810700","10","SICILY-ENNA","1"
"3230436",,"SI052/81","19810700","10","SICILY-MENFI","1"
"3230437",,"SI121/81","19810700","10","SICILY-SPERLUNGA","1"
"3230438",,"SI113/81","19810700","10","SICILY-S.VENERINA","1"
"3230439",,"SI116/81","19810700","10","SICILY-ALIMENA","1"
"3230440",,"SI055/81","19810700","10","SICILY-MAZARA","1"
"3230441",,"SI056/81","19810700","10","SICILY-CASTELVETRAN","1"
"3230442",,"SI120/81","19810700","10","SICILY-NICOSIA","1"
"3230443",,"SI118/81","19810700","10","SICILY-FASANO","1"
"3230444",,"SI057/81","19810700","10","SICILY-SALERMI","1"
"3230445",,"SI090/81","19810700","10","SICILY-MONTEMAGGIOR","1"
"3230446",,"SI100/81","19810700","10","SICILY-CESARO","1"
"3230447",,"SI101/81","19810700","10","SICILY-CESARO","1"
"3230448",,"SI058/81","19810700","10","SICILY-MOZIA","1"
"3230449",,"SI111/81","19810700","10","SICILY-LETOIANNI","1"
"3230450",,"SI109/81","19810700","10","SICILY-FRANCAVILLA","1"
"3230451",,"SI065/81","19810700","10","SICILY-P.FANFALLO","1"
"3230452",,"SI089/81","19810700","10","SICILY-CACCAMOTO","1"
"3230453",,"SI102/81","19810700","10","SICILY-S.DOM.VITTOR","1"
"3230454",,"SI063/81","19810700","10","SICILY-FAVIGNANA","1"
"3230455",,"SI064/81","19810700","10","SICILY-P.SOTTILE","1"
"3230456",,"SI075/81","19810700","10","SICILY-LARGO ALBANE","1"
"3230457",,"SI108/81","19810700","10","SICILY-ROCCELLA","1"
"3230458",,"SI074/81","19810700","10","SICILY-LARGO PIANA","1"
"3230459",,"SI066/81","19810700","10","SICILY-LEVANZO","1"
"3230460",,"SI088/81","19810700","10","SICILY-TRABIA BEACH","1"
"3230461",,"SI093/81","19810700","10","SICILY-CEFALU","1"
"3230462",,"SI095/81","19810700","10","SICILY-TORREMUZZA","1"
"3230463",,"SI099/81","19810700","10","SICILY-S.AGATHA","1"
"3230464",,"SI069/81","19810700","10","SICILY-ALCAMO","1"
"3230465",,"SI094/81","19810700","10","SICILY-CEFALU","1"
"3230466",,"SI073/81","19810700","10","SICILY-PALERMO","1"
"3230467",,"SI076/81","19810700","10","SICILY-PIOPPO","1"
"3230468",,"SI067/81","19810700","10","SICILY-VALDERICE","1"
"3230469",,"SI068/81","19810700","10","SICILY-CASTELLANNUC","1"
"3230470",,"SI096/81","19810700","10","SICILY-AQUEDULCI","1"
"3230471",,"SI072/81","19810700","10","SICILY-MALPASSO","1"
"3230472",,"SI060/81","19810700","10","SICILY-CASTELLUZZO","1"
"3230473",,"SI087/81","19810700","10","SICILY-S.ELIA","1"
"3230474",,"SI071/81","19810700","10","SICILY-CARINI","1"
"3230475",,"SI104/81","19810700","10","SICILY-NASO","1"
"3230476",,"SI107/81","19810700","10","SICILY-OLIVERI","1"
"3230477",,"SI070/81","19810700","10","SICILY-TERRASINI","1"
"3230478",,"SI106/81","19810700","10","SICILY-TONO","1"
"3230479",,"SI126/81","19810700","20","SICILY-PIAZ.ARMERIN","1"
"3230480",,"SI091/81","19810700","20","SICILY-CERDA","1"
"3230481",,"SI077/81","19810700","20","SICILY-LARGO POMA","1"
"3230482",,"SI078/81","19810700","20","SICILY-PALERMO","1"
"3230483",,"SI105/81","19810700","20","SICILY-MILAZZO","1"
"3230488",,"SI103/81","19810700","30","SICILY-FLORESTA","1"
"3230491",,"BE033/82","19820600","10","LASSITHION-KATO ZAKROS","1"
"3230492",,"BE038/82","19820600","10","LASSITHION-ELOUNDA","1"
"3230493",,"BE043/82","19820600","10","HANIA-KALATHAS","1"
"3230494",,"A121A/82","19820600","10","MOSTAGANEM-RELIZANE","1"
"3230495",,"AL110/82","19820600","10","BLIDA-TIPASA","1"
"3230496",,"AL123/82","19820600","10","MASCARA-MOHAMMADIA","1"
"3230497",,"AL129/82","19820600","10","MOSTAGANEM-TAZGAET","1"
"3230498",,"AL134/82","19820600","10","ORAN-SIG","1"
"3230499",,"AL135/82","19820600","10","SI BEL ABBES-ZAHANA","1"
"3230500",,"AL136/82","19820600","10","SI BEL ABBES-SI BEL ABBE","1"
"3230501",,"AL137/82","19820600","10","TLEMSEN-AIN TLEMSEN","1"
"3230502",,"AL138/82","19820600","10","TLEMSEN-BENISAF","1"
"3230503",,"AL139/82","19820600","10","TLEMSEN-TLEMSEN","1"
"3230504",,"AL140/82","19820600","10","TLEMSEN-MAGHNIA","1"
"3230505",,"AL141/82","19820600","10","TLEMSEN-MAGHNIA","1"
"3230507",,"A121B/82","19820600","20","MOSTAGANEM-RELIZANE","1"
"3230508",,"AL122/82","19820600","20","MOSTAGANEM-RELIZANE","1"
"3230509",,"AL124/82","19820600","20","MOSTAGANEM-MOSTAGANEM","1"
"3230510",,"AL125/82","19820600","20","MOSTAGANEM-MOSTAGANEM","1"
"3230511",,"AL130/82","19820600","20","MOSTAGANEM-OUED RHIOU","1"
"3230532",,"AL131/82","19820600","30","ORAN-KRISTEL","1"
"3230621",,"ISR02/86","19860500","10","PHILIS.PLAIN-BITRONOT BEE","1"
"3230622",,"ISR03/86","19860500","10","PHILIS.PLAIN-BITRONOT BEE","1"
"3230623",,"ISR04/86","19860500","10","PHILIS.PLAIN-BITRONOT BEE","1"
"3230624",,"ISR01/86","19860500","10","SHEFELA-ZOMETHAELA","1"
"3230625",,"ISR05/86","19860500","10","JUDEAN DESER-MISHOR ADUMM","1"
"3230626",,"ISR07/86","19860500","10","L.JORDAN VAL-DAMIYA","1"
"3230627",,"ISR06/86","19860500","20","L.JORDAN VAL-TOMER","1"
"3230628",,"ISR08/86","19860500","20","L.JORDAN VAL-DAMIYA","1"
"3230629",,"ISR10/86","19860600","10","N.NEGEV-TEL GAMMA","1"
"3230630",,"ISR16/86","19860600","10","PHILIS.PLAIN-QIR.MALAKHI","1"
"3230631",,"ISR15/86","19860600","10","PHILIS.PLAIN-QIR.MALAKHI","1"
"3230632",,"ISR56/86","19860600","10","JUDEAN MOUNT-JERUSALEM","1"
"3230633",,"ISR18/86","19860600","10","PHILIS.PLAIN-GAN YAVNE","1"
"3230634",,"ISR23/86","19860600","10","PHILIS.PLAIN-ZOMET HAT.SH","1"
"3230635",,"ISR09/86","19860600","10","PHILIS.PLAIN-QIRYAT GAT","1"
"3230636",,"ISR19/86","19860600","10","PHILIS.PLAIN-BET EL AZARI","1"
"3230637",,"ISR24/86","19860600","10","PHILIS.PLAIN-MISHMAR AYYA","1"
"3230638",,"ISR20/86","19860600","10","PHILIS.PLAIN-RAMLA","1"
"3230639",,"ISR14/86","19860600","10","PHILIS.PLAIN-PALMAHIM","1"
"3230640",,"ISR61/86","19860600","10","PHILIS.PLAIN-BET DAGAN","1"
"3230641",,"ISR62/86","19860600","10","PHILIS.PLAIN-BET DAGAN","1"
"3230642",,"ISR25/86","19860600","10","PHILIS.PLAIN-BAREQET","1"
"3230643",,"ISR26/86","19860600","10","PHILIS.PLAIN-NAHSHONIM","1"
"3230644",,"ISR32/86","19860600","10","SAMARIA-NAHAL OANA","1"
"3230645",,"ISR33/86","19860600","10","SHARON PLAIN-TEL BAROCH","1"
"3230646",,"ISR38/86","19860600","10","SHARON PLAIN-JALJULYA","1"
"3230647",,"ISR34/86","19860600","10","SHARON PLAIN-TEL ARSHAF","1"
"3230648",,"ISR35/86","19860600","10","SHARON PLAIN-TEL ARSHAF","1"
"3230649",,"ISR30/86","19860600","10","SAMARIA-NAHAL SALIT","1"
"3230650",,"ISR27/86","19860600","10","SHARON PLAIN-TIRA","1"
"3230651",,"ISR29/86","19860600","10","SAMARIA-TULKARM","1"
"3230652",,"ISR28/86","19860600","10","SHARON PLAIN-KEFAR YONA","1"
"3230653",,"ISR49/86","19860600","10","BEIT SHEAN V-NAHAL BEZEQ","1"
"3230654",,"ISR50/86","19860600","10","BEIT SHEAN V-REHOV","1"
"3230655",,"ISR51/86","19860600","10","BEIT SHEAN V-RESHAFIM","1"
"3230656",,"ISR37/86","19860600","10","SHARON PLAIN-ZOMET BIN.","1"
"3230657",,"ISR39/86","19860600","10","BEIT SHEAN V-BEIT SHEAN","1"
"3230658",,"ISR36/86","19860600","10","SHARON PLAIN-MAAGAN M.","1"
"3230659",,"ISR52/86","19860600","10","BEIT SHEAN V-ZOMET HASHIT","1"
"3230660",,"ISR47/86","19860600","10","ESDRAELON PL-ZOMET YIZREE","1"
"3230661",,"ISR55/86","19860600","10","BEIT SHEAN V-ZOMET BET-YO","1"
"3230662",,"ISR53/86","19860600","10","BEIT SHEAN V-ZOMET RAMAT","1"
"3230663",,"ISR54/86","19860600","10","BEIT SHEAN V-NAHAL TAVOR","1"
"3230664",,"ISR46/86","19860600","10","ESDRAELON PL-ZOMET TAMRA","1"
"3230665",,"ISR48/86","19860600","10","ESDRAELON PL-ZOMET YOGNEA","1"
"3230666",,"ISR60/86","19860600","10","CARMEL COAST-ATLIT","1"
"3230667",,"ISR45/86","19860600","10","LOWER GALILE-ZOMET GOLANI","1"
"3230668",,"ISR44/86","19860600","10","LOWER GALILE-ZOMET LAVI","1"
"3230669",,"ISR59/86","19860600","10","AKKO PLAIN-TEL AFEQ","1"
"3230670",,"ISR40/86","19860600","10","GOLAN-ER.RAZANIYA","1"
"3230671",,"ISR43/86","19860600","10","BEIT SHEAN V-BET ZAYDA","1"
"3230672",,"ISR41/86","19860600","10","HULEH PLAIN-VERED HAGANI","1"
"3230673",,"ISR58/86","19860600","10","GALILE COAST-NEHARIYYA","1"
"3230674",,"ISR57/86","19860600","10","GALILE COAST-TEL AKHZIV","1"
"3230675",,"ISR42/86","19860600","10","BEIT SHEAN V-KORAZIM","1"
"3230676",,"ISR12/86","19860600","20","PHILIS.PLAIN-ZOMET LAKHIS","1"
"3230677",,"ISR11/86","19860600","20","PHILIS.PLAIN-QIRYAT GAT","1"
"3230678",,"ISR13/86","19860600","20","PHILIS.PLAIN-HOLOT ZIQIM","1"
"3230679",,"ISR17/86","19860600","20","PHILIS.PLAIN-TIROSH","1"
"3230680",,"ISR22/86","19860600","20","PHILIS.PLAIN-ZOMET NAHSHN","1"
"3230681",,"ISR21/86","19860600","20","PHILIS.PLAIN-RAMLA","1"
"3230682",,"ISR31/86","19860600","20","SAMARIA-AZZUN","1"
"3230683",,"CYP37/86","19860600","30","NIKOSIA-PANO DEFTERA","1"
"3230684",,"CYP38/86","19860600","30","NICOSIA-KATO DEFTERA","1"
"3230685",,"CYP21/86","19860600","30","NICOSIA-OROUNDA","1"
"3230686",,"CYP19/86","19860600","30","NICOSIA-AKAKI","1"
"3314256",,,"2001----","10","Svin Strand","3"
"3314257",,,"2001----","10","Knudshoved Odde, Sjlland","3"
"3314258",,,"2001----","10","Asns Havnemark","3"
"3314259",,,"2001----","10","Neksel","3"
"3314260",,,"2001----","10","Reers","3"
"3314261",,,"2001----","10","Rsns","3"
"3314262",,,"2001----","10","Enebrodden","3"
"3314263",,,"2001----","10","Fyns Hoved","3"
"3314264",,,"2001----","10","Ordrup Ns","3"
"3423167",,"00188",,"40",,"12"
"3423168",,"00189",,"40",,"12"
"3423176",,"00068",,"40",,"11"
"3423182",,"00064",,"40",,"11"
"3423324",,"00019",,"40",,"11"
"3491062","C005",,"198601--","26","Catalua, Tarragona, Altafulla","13"
"3533914","C012","CA-BE-1","19870417","","Canarias, Santa Cruz de Tenerife, Alajero","18"
"3536066","C004","Z-01-022","2001----","","Andalucia, Huelva, Lepe","13"
"3536067","C004","Z-01-043","2001----","","Valencia, Alicante, Benissa","13"
"3536069","C004","Z-01-053","2001----","","Baleares, Baleares, Son Servera, Cala Bona","13"
"3536070","C004","Z-01-054","2001----","","Baleares, Baleares, Formentera, isla Formentera,playa d'es Pujols","13"
"3536071","C004","Z-01-055","2001----","","Baleares, Baleares, Manacor, Porto Cristo","13"
"3536072","C004","Z-01-056","2001----","","Baleares, Baleares, Palma de Mallorca, Capdepera","13"
"3536073","C004","Z-01-057","2001----","","Valencia, Alicante, Santa Pola","13"
"3537039",,"Z-02-074_2","20020615","","Baleares, Baleares","2"
"3539500",,"2876_1","19920627","","Aragon, Huesca, Isabena, La Puebla de Roda","11"
"3542493","C012","V-BE-5","19840719","","Valencia, Alicante, Benissa","17"
"3761591",,,,"40","Madeira,Porto Santo, Ana Ferre","14"
"3808671",,"LEB-269","20040604","10",,"2"
"3818838",,"MSJK 314","19960507","10",,"2"
"3820840",,"693",,"20",,"3"
"3820841",,"694",,"20",,"3"
"3820842",,"692",,"20",,"3"
"3820843",,"691",,"20",,"3"
"3820844",,"680",,"20",,"2"
"3820845",,"682",,"20",,"2"
"3820846",,"678",,"20",,"2"
"3820847",,"686",,"20",,"3"
"3820848",,"667",,"20",,"2"
"3820849",,"669",,"20",,"2"
"3820850",,"671",,"20",,"2"
"3820851",,"666",,"20",,"2"
"3820852",,"664",,"20",,"2"
"3820853",,"665",,"20",,"2"
"3820854",,"663",,"20",,"2"
"3820855",,"658",,"20",,"2"
"3820856",,"660",,"20",,"2"
"3820857",,"655",,"20",,"2"
"3820858",,"653",,"20",,"2"
"3820859",,"654",,"20",,"2"
"3820860",,"652",,"20",,"2"
"3820861",,"651",,"20",,"2"
"3820862",,"650",,"20",,"2"
"3820863",,"649",,"20",,"2"
"3820864",,"648",,"20",,"2"
"3820865",,"646",,"20",,"2"
"3820866",,"644",,"20",,"2"
"3820867",,"645",,"20",,"2"
"3820868",,"643",,"20",,"2"
"3820869",,"633",,"20",,"2"
"3822675",,"759","19871028","10",,"2"
"3822676",,"751","19871025","10",,"2"
"3822677",,"746","19871024","10",,"2"
"3822678",,"749","19871024","10",,"2"
"3822679",,"695","19871005","10",,"3"
"3822680",,"743","19871022","10",,"2"
"3822681",,"693","19871005","10",,"3"
"3822682",,"694","19871005","10",,"3"
"3822683",,"691","19871003","10",,"3"
"3822684",,"690","19871003","10",,"3"
"3822685",,"686","19871001","10",,"3"
"3822686",,"680","19870930","10",,"2"
"3822687",,"682","19870930","10",,"2"
"3822688",,"685","19871001","10",,"3"
"3822689",,"649","19870922","10",,"2"
"3822690",,"663","19870925","10",,"2"
"3822691",,"678","19870929","10",,"2"
"3822720",,"WB642","19870922","10",,"2"
"3822721",,"WB638","19870921","10",,"2"
"3822722",,"WB639","19870921","10",,"2"
"3822723",,"WB641","19870922","10",,"2"
"3822724",,"WB637","19870921","10",,"2"
"3822725",,"WB635","19870921","10",,"2"
"3822726",,"WB634","19870921","10",,"2"
"3822727",,"WB632","19870919","10",,"2"
"3822729",,"WB631","19870919","10",,"2"
"3822730",,"WN630","19870919","10",,"2"
"3822731",,"WB628","19870919","10",,"2"
"3822732",,"WB629","19870919","10",,"2"
"3822733",,"WB626","19870918","10",,"2"
"3822735",,"WB625","19870918","10",,"2"
"3822736",,"WB624","19870918","10",,"2"
"3822737",,"WB622","19870918","10",,"2"
"3822738",,"WB623","19870918","10",,"2"
"3822739",,"WB621","19870918","10",,"2"
"3822741",,"WB620","19870918","10",,"2"
"3824423",,"20200307","19820908","10",,"3"
"3824427",,"20200107","19820908","10",,"3"
"3833519",,,,"10","SOUTH GLAMORGAN, DRIFTLINE ABERTHAW  SOUTH GLAMORGAN  WALES","3"
"3835575",,,,"10","IBIZA, SAN ANTONIO","2"
"3842655",,"G014",,"10","Siatista 8NW, Kozani 36W","5"
"3842656",,"G062",,"15","Nidri 1,5S, Vasiliki 14SW","5"
"3942076",,,"20090922","10","Agers","13"
"3942272",,"GP0401","20090923","10",,"12"
"3942273",,"GP0101","20090923","10","Gisselre, Kalundborg, Sjlland","12"
"4033965",,,,"99","Certes Gironde","1"
"4033977",,,,"99","Golf von Tunis, Cedria Plage","1"
"4033979","ITA-98/2","13054","19980913","99","Castelsardo, in der Nhe vom Strand","12"
"4033984",,,,"99","Strada di Renaccio (Siena)","1"
"4034029","ITA-93","Z 35","19931106","99","Bari, Kstensteifen","13"
"4068835",,,"19711101","","KENT, RAMSGATE","16"
"4283334",,,"20120925","10","MRUP HAVN","13"
"4283342",,,"20120924","10","RSNES FYR","13"
"4283967",,"GP0301","20090923","10","Asns Sjlland","13"
"4283996",,"GP0201","20090923","10","Havnemark, Asns, Sjlland","13"
"4284031",,,"2001----","10","Sjllands Odde, Gniben","2"
"4332919",,"MAR10-001","20100610","10","North end of Sidi Abed beach on road along coast outside Temara.","0"
"4335876",,"MAR12-007","20120602","10",,"0"
"4337470",,"MAR12-010","20120603","10",,"0"
"4340671",,"MAR12-004","20120601","10",,"0"
"4344169",,"MAR12-029","20120607","10",,"0"
"4349499",,"MAR12-024","20120606","10",,"0"
"4351149",,"MAR12-011","20120603","10",,"0"
"4351157",,"MAR10-009","20100612","10","On main road along coast South of Essaouiria at Ouled Fquier.","0"
"4352828",,"MAR12-005","20120602","10",,"0"
"4354205",,"MAR12-036","20120608","10",,"0"
"4356040",,"MAR12-026","20120606","10",,"0"
"4356048",,"MAR12-014","20120604","10",,"0"
"4357787",,"MAR12-020","20120605","10",,"0"
"4359321",,"MAR12-021","20120606","10",,"0"
"4360955",,"MAR12-037","20120608","10",,"0"
"4365966",,"MAR10-005","20100611","10","52 km North of Oualidia and S of El Jadida on coast road by phosphate plant.","0"
"4365967",,"MAR12-015","20120604","10",,"0"
"4371287",,"MAR12-025","20120606","10",,"0"
"4371289",,"MAR12-035","20120608","10",,"0"
"4372799",,"MAR12-012","20120603","10",,"0"
"4379693",,"MAR12-030","20120607","10",,"0"
"4382644",,"MAR10-015","20100613","10","South end of Agadir ( Ben Zargaou) by beach in area of new construction.","0"
"4386031",,"MAR10-013","20100612","10","Approx. 4 miles west on secondary road to coast. Secondary road approx. 19 miles South of Essaouira.","0"
"4387559",,"MAR12-039","20120609","10",,"0"
"4387569",,"MAR12-040","20120609","10",,"0"
"4387572",,"MAR12-028","20120607","10",,"0"
"4389133",,"MAR12-038","20120608","10",,"0"
"4394343",,"MAR12-016","20120605","10",,"0"
"4395902",,"MAR10-020","20100613","10","Fish market South of Aglou Beach.","0"
"4395906",,"MAR12-033","20120608","10",,"0"
"4397534",,"MAR10-025","20100614","10","32 miles West on road from Goulimine to Plage Blache.","0"
"4397537",,"MAR12-017","20120605","10",,"0"
"4397539",,"MAR10-003","20100611","10","South of El Jadida on coast road.","0"
"4399123",,"MAR12-043","20120610","10",,"0"
"4399133",,"MAR12-003","20120601","10",,"0"
"4400832",,"MAR10-032","20100617","10","In Chichaoua on main road to Marrakech from Agadir.","0"
"4400833",,"MAR10-033","20100618","10","Settat.  On road to Marrakech from Settat (old road).","0"
"4400841",,"MAR12-034","20120608","10",,"0"
"4402496",,"MAR10-006","20100611","10","On coast road North of Oalidia.","0"
"4402500",,"MAR10-004","20100611","10","South of El Jadida on coast road.","0"
"4402508",,"MAR12-008","20120602","10",,"0"
"4410550",,"MAR12-009","20120602","10",,"0"
"4410553",,"MAR10-007","20100612","10","Vacant lot in Safi on coast next to fish factories.","0"
"4412286",,"MAR12-042","20120610","10",,"0"
"4420350",,"MAR12-006","20120602","10",,"0"
"4422048",,"MAR12-032","20120607","10",,"0"
"4423755",,"MAR10-010","20100612","10","Off main coast road at village Moulay-Bouzerktoun.","0"
"4427006",,"MAR12-018","20120605","10",,"0"
"4427008",,"MAR12-022","20120606","10",,"0"
"4428492",,"MAR12-031","20120607","10",,"0"
"4430131",,"MAR10-002","20100611","10","Vacant lot E of El Jadida beach.","0"
"4430137",,"MAR12-001","20120601","10",,"0"
"4430144",,"MAR10-017","20100613","10","Approx. 7miles west on coast road from N junction of coast and inland road between Goulimine and Agadir.","0"
"4431900",,"MAR12-027","20120607","10",,"0"
"4433389",,"MAR12-002","20120601","10",,"0"
"4550633",,"040914-03","20140904","10",,"1"
"4624296",,"THS075","20151116","10",,"1"
"4635719",,,,"","N.I.A.B. CAMBRIDGE","0"
"4635727",,,,"","N.I.A.B. CAMBRIDGE","0"
"4635737",,,,"","N.I.A.B. CAMBRIDGE","0"
"4635751",,,,"","N.I.A.B. CAMBRIDGE","0"
"4635752",,,,"","N.I.A.B. CAMBRIDGE","0"
"4635753",,,,"","N.I.A.B. CAMBRIDGE","0"
"4878419",,"SYI-22","2004----","40",,"15"
"4878423",,"SYI-14","2004----","40",,"15"
"4878424",,"9800093","2003----","40",,"15"
"4878425",,"SYI-5","2001----","62","Absheron","15"
"4878427",,"SYI-20","2004----","40",,"15"
"4878430",,"9800085","2003----","40",,"15"
"4878431",,"2071","2000----","40",,"15"
"4878433",,"SMZ-62","2004----","40","Masally","15"
"4878435",,"SYI-3","2000----","40",,"15"
"4878436",,"SYI-10","2003----","40",,"15"
"4878438",,"13025","2004----","40",,"15"
"4878439",,"SMZ-64","2004----","40",,"15"
"4878442",,"SMZ-65","2004----","40","Apsheron","15"
"4878443",,"SYI-21","2004----","40",,"15"
"4878445",,"SYI-8","2003----","40",,"15"
"4878446",,"SMZ-63","2003----","40",,"15"
"4878447",,"SYI-2","2000----","40",,"15"
"4878450",,"SYI-13","2003----","40",,"15"
"4878451",,"SYI-23","2004----","40",,"15"
"4878454",,"SYI-17","2004----","40",,"15"
"4878456",,"13027","2004----","40",,"15"
"4878458",,"SMZ-61","2004----","40","Masally","15"
"4878459",,"SYI-4","2000----","40",,"15"
"4878461",,"SYI-9","2003----","40",,"15"
"4878463",,"SYI-7","2001----","62","Absheron","15"
"4878464",,"SYI-6","2001----","62","Absheron","15"
"4878465",,"58","2004----","40",,"15"
"4878466",,"SYI-18","2004----","40",,"15"
"4878468",,"SYI-19","2004----","40",,"15"
"4878819",,"SMZ-90","2004----","40",,"15"
"4878820",,"SMZ-76","2005----","40","Lerik","15"
"4878822",,"SMZ-66","2004----","40",,"15"
"4878826",,"1036","2005----","40",,"15"
"4878827",,"SMZ-73","2005----","40","Gedebey","15"
"4878828",,"SMZ-69","2004----","40",,"15"
"4878829",,,"2005----","40",,"15"
"4878831",,"3850145","2004----","40",,"15"
"4878834",,"1085","2005----","40",,"15"
"4878835",,"41.295","2005----","40",,"15"
"4878837",,"SMZ-72","2005----","40","Apsheron","15"
"4878839",,"SMZ-87","2005----","40",,"15"
"4878840",,"SMZ-71","2004----","40",,"15"
"4878841",,"SMZ-74","2004----","40","Salyan","15"
"4878842",,"SMZ-94","2004----","40",,"15"
"4878843",,"SMZ-75","2004----","40","Nakhchivan","15"
"4878844",,"N03622","2005----","40",,"21"
"4878846",,"41.795","2005----","40",,"15"
"4878848",,"958","2005----","40",,"15"
"4878849",,"1088","2005----","40",,"15"
"4878850",,"SMZ-70","2004----","40",,"15"
"4878853",,"201","2003----","40",,"15"
"4878854",,"1967","2004----","40",,"15"
"4878856",,"SMZ-93","2004----","40",,"15"
"4878857",,"1064","2005----","40",,"15"
"4878858",,"SMZ-95","2004----","40","Nakhchivan","15"
"4878860",,"SMZ-92","2004----","40",,"15"
"4878862",,"SMZ-68","2004----","40","Ganja,centre","15"
"4878863",,"231","2004----","40",,"15"
"4878864",,"SMZ-77","2005----","40",,"15"
"4878865",,"N03057","2005----","40",,"21"
"4878866",,"SMZ-67","2004----","40","Salyan","15"
"4878925",,"IAF-32","2007----","40","Aghdam,vill.Shaveliler","21"
"4878931",,"IAF-169","2007----","40","Aghdash","21"
"4878934",,"IAF-168","2007----","40","Aghdash","21"
"4878937",,"IAF-31","2007----","40","Aghdam,vill.Khindiristan","25"
"4878962",,"IAF-108","2007----","40","Astara,roadside","16"
"4915609","E022","1200","19871110","26","Castilla-La Mancha, Albacete, Bienservida, Casa de San Blas","11"
"5615674",,"Bevu0301260509","20090526","99","Upper Jordan Valley","13"
"5615675",,"Bevu0801240409","20090424","99","Coast of Carmel","13"
"5615676",,"Bevu0701180409","20090418","99","Upper Jordan Valley","13"
"5615681",,"Bevu0203120510","20100512","13","Shefela","13"
"5615683",,"Bevu0102300509","20090530","99","South Golan","13"
"5615685",,"Bevu0401240409","20090424","61","Mount Carmel","13"
"5615686",,"Bevu0101250608","20080625","24","Sharon Plain","13"
"5615687",,"Bevu0301240509","20090524","99","Menashe Hills","13"
"5615689",,"Bevu0101050408","20080405","61","Lower Jordan Valley","13"
"5615690",,"Bevu0102260513","20130526","12","Samaria Mountains","13"
"5615692",,"Bevu0601100509","20090510","13","Akko Plain","13"
"5615694",,"Bevu0901270509","20090527","21","Esdraelon Plain","13"
"5615695",,"Bevu0501210409","20090421","61","Akko Plain","13"
"5615696",,"Bevu1301190708","20080719","21","Mount Carmel","13"
"5615697",,"Bevu0104150413","20130415","12","Lower Jordan Valley","13"
"5615701",,"Bevu0801010509","20090501","99","South Golan","13"
"5615702",,"Bevu0701260509","20090526","61","Upper Jordan Valley","13"
"5615704",,"Bevu1001240509","20090524","61","Menashe Hills","13"
"5615705",,"Bevu1101030608","20080603","13","Esdraelon Plain","13"
"5615708",,"Bevu1002180409","20090418","99","Upper Jordan Valley","13"
"5615711",,"Bevu0203260610","20100626","21","Sharon Plain","13"
"5615712",,"Bevu0203230409","20090423","99","Coast of Carmel","13"
"5615713",,"Bevu0201270509","20090527","99","Mount Gilboa","13"
"5615715",,"Bevu0502260509","20090526","11","Upper Jordan Valley","13"
"5615717",,"Bevu0602230409","20090423","99","Coast of Carmel","13"
"5615718",,"Bevu0401290609","20090629","21","Lower Galilee","13"
"5615719",,"Bevu0601070608","20080607","13","Esdraelon Plain","13"
"5615720",,"Bevu0101070509","20090507","99","Upper Jordan Valley","13"
"5615721",,"Bevu0502210509","20090521","99","Hula and Dan Valley","13"
"5615722",,"Bevu0101150509","20090515","99","Hula and Dan Valley","13"
"5616139",,"Bevu0101140607","20070614","61","Lower Galilee","13"
"5616149",,"Bevu0401170607","20070617","15","Esdraelon Plain","13"
"5616152",,"Bevu0201150607","20070615","99","Lower Galilee","13"
"5616155",,"Bevu-5-21","20050618","21","Esdraelon Plain","13"
"5616163",,"Bevu0201220607","20070622","61","Sharon Plain","13"
"5738187","E023","376","19871119","26","Baleares, Baleares, Calvia","11"
"6321552",,"Bevu0104280514","20140528","12","Samaria Mountains","11"
"6492839",,,,"99",,"0"
"6492935","ITA-98/2","13095","19980913","99","Insel S. Pietro, Carloforte, Girin.","5"
"6492957",,,,"99",,"0"
"6556260",,"Bevu0101140607","20070614","10",,"0"
"6556262",,"Bevu0201150607","20070615","10",,"0"
"6556264",,"Bevu0201220607","20070622","10",,"0"
"6556265",,"Bevu0401170607","20070617","10",,"0"
"6556503",,"Bevu622060606","20060606","10",,"0"
"6556831",,"Bevu0101250608","20080625","10",,"0"
"6557019",,"Bevu0601070608","20080607","10",,"0"
"6557091",,"Bevu0301260509","20090526","10",,"0"
"6557094",,"Bevu0701260509","20090526","10",,"0"
"6557119",,"Bevu0101070509","20090507","10",,"0"
"6557243",,"Bevu0401240409","20090424","10",,"0"
"6557244",,"Bevu0801240409","20090424","10",,"0"
"6557247",,"Bevu0701180409","20090418","10",,"0"
"6557249",,"Bevu0501210409","20090421","10",,"0"
"6557253",,"Bevu0301240509","20090524","10",,"0"
"6557481",,"Bevu0203120510","20100512","10",,"0"
"6557661",,"Bevu0203260610","20100626","10",,"0"
"6558199",,"Bevu0102260513","20130526","10",,"0"
